DistrictID,State,District,Observer,Grade,FinalScore,DistrictReport_Submitted,ProposedNames_Count,DailyReports_Count,Attachments_Count,PotentialLeaders_Count,Influencers_Count,Score_DistrictReport,Score_ProposedNames,Score_DailyReports,Score_Attachments,Score_PotentialLeaders,Score_Influencers
1807,Jharkhand,Bokaro,"MS. HINA KAWARE, EX. DY-SPEAKER",B,51.4,1,5,0,35,9,0,100,46.3,6.8,97.8,84.0,0
1808,Jharkhand,Chatra,"SHRI SHYAM KUMAR BARWE, MP",B,45.4,1,6,0,1,0,0,100,73.7,6.8,55.7,18.8,0
1809,Jharkhand,Deoghar,"SHRI MALENDRA RAJAN, MLA",B,69.2,1,6,38,1,2,0,100,73.7,90.1,55.7,49.2,0
1810,Jharkhand,Dhanbad,SHRI DINESH GURJAR,A,71.1,1,6,15,6,9,0,100,73.7,68.7,80.7,84.0,0
1811,Jharkhand,Dumka,SHRI SURAJ SINGH THAKUR,A,79.0,1,6,54,10,10,0,100,73.7,94.7,88.3,86.7,0
1812,Jharkhand,East Singhbhum,"SHRI ANANT PATEL, MLA",C,40.7,1,6,0,0,0,0,100,73.7,6.8,24.7,18.8,0
1813,Jharkhand,Garhwa,"SMT. YASHOMATI THAKUR , EX MINISTER",B,46.4,1,3,8,3,0,0,100,30.8,45.9,69.0,18.8,0
1814,Jharkhand,Giridih,"SHRI IMRAN KHEDAWALA, MLA",C,35.9,1,4,3,0,0,0,100,38.9,22.5,24.7,18.8,0
1815,Jharkhand,Godda,SHRI RC KHUNTIA,A,74.1,1,6,16,10,22,0,100,73.7,71.0,88.3,96.6,0
1816,Jharkhand,Gumla,SHRI RAGHU SHARMA,B,61.9,1,6,17,1,0,0,100,73.7,73.0,55.7,18.8,0
1817,Jharkhand,Hazaribagh,"SHRI SUDEEP ROY BURMAN, EX. CLP",A,71.9,1,6,88,6,0,0,100,73.7,97.9,80.7,18.8,0
1818,Jharkhand,Jamtara,"SHRI ARUN YADAV, EX. MPCC PRESIDENT",B,62.3,1,3,23,10,4,0,100,30.8,80.2,88.3,62.7,0
1819,Jharkhand,Khunti,"SMT. SZARITA LAITPHLANG, AICC SECRETARY",A,81.5,1,6,124,23,11,0,100,73.7,98.9,96.4,88.8,0
1820,Jharkhand,Koderma,"SHRI MANIKRAO THAKRE, MEMBER CWC",A,77.3,1,6,205,7,4,0,100,73.7,99.9,84.1,62.7,0
1821,Jharkhand,Latehar,"SHRI SUNIL KEDAR, EX. MINISTER",C,44.0,1,2,7,4,0,0,100,24.4,40.5,72.6,18.8,0
1822,Jharkhand,Lohardaga,SHRI MOHAN MARKAM,B,62.4,1,6,11,1,4,0,100,73.7,57.3,55.7,62.7,0
1823,Jharkhand,Pakur,"SHRI ABDUL KHALEQUE, EX. MP",A,77.0,1,6,41,7,8,0,100,73.7,91.4,84.1,81.2,0
1824,Jharkhand,Palamu,"DR. AMEE YAJNIK, MEMBER CEC",B,64.7,1,6,7,48,4,0,100,73.7,40.5,98.8,62.7,0
1825,Jharkhand,Ramgarh,"SHRI. PREM SAI THEKAM, EX MINISTER",B,62.0,1,6,5,25,4,0,100,73.7,31.3,96.6,62.7,0
1826,Jharkhand,Ranchi Mahanagar,"SHRI VIJAY INDER SINGLA, EX MINISTER",B,58.0,1,6,11,1,0,0,100,73.7,57.3,55.7,18.8,0
1827,Jharkhand,Ranchi Rural,"SMT. PHULO DEVI NETAM, MP MEMBER CWC",B,61.1,1,6,33,0,0,0,100,73.7,88.3,24.7,18.8,0
1828,Jharkhand,Sahibganj,"SHRI PRABHU TOKIA, PRESIDENT TCC D&N HAVELI",A,77.1,1,7,12,31,7,0,100,98.2,60.6,97.4,78.2,0
1829,Jharkhand,Saraikela-Kharsawan,SHRI BISHWARANJAN MOHANTHY,A,82.2,1,6,85,26,38,0,100,73.7,97.4,97.0,98.6,0
1830,Jharkhand,Simdega,SHRI. H. S. LUCKY,B,56.4,1,6,12,0,1,0,100,73.7,60.6,24.7,41.6,0
1831,Jharkhand,West Singhbhum,"SHRI SAJJAN SINGH VERMA, EX. MINISTER",B,69.7,1,6,44,0,14,0,100,73.7,93.0,24.7,92.8,0
1832,Odisha,Angul ,"SHRI DK SURESH, EX MP",B,69.2,1,6,29,7,0,0,100,73.7,85.0,84.1,18.8,0
1833,Odisha,Balasore ,"SHRI SHREYAS M PATEL, MP",B,63.1,1,4,42,11,0,0,100,38.9,91.8,90.0,18.8,0
1834,Odisha,Bargarh ,"SMT. SHOBHA TAI BACHAV, MP",B,62.4,1,5,14,4,9,0,100,46.3,66.0,72.6,84.0,0
1835,Odisha,Bhadrak ,SHRI RAFIQ KHAN,B,46.8,1,6,5,0,0,0,100,73.7,31.3,24.7,18.8,0
1836,Odisha,Bhubaneswar ,SHRI. J. D. SEELAM,B,67.1,1,3,29,10,51,0,100,30.8,85.0,88.3,99.3,0
1837,Odisha,Bolangir ,"SHRI. C. D. MEYYAPPAN, EX. AICC SECRETARY",C,44.8,1,5,6,0,3,0,100,46.3,35.8,24.7,55.8,0
1838,Odisha,Boudh ,SHRI. BV SRINIVAS,B,63.9,1,6,8,2,14,0,100,73.7,45.9,64.8,92.8,0
1839,Odisha,Cuttack ,"SHRI. S. A. SAMPATH KUMAR, AICC SECRETARY",A,72.1,1,7,22,4,0,0,100,98.2,79.1,72.6,18.8,0
1840,Odisha,Cuttack City,"SHRI SALEEM AHMAD, WORKING PRESIDENT",B,63.0,1,6,6,12,5,0,100,73.7,35.8,91.2,69.3,0
1841,Odisha,Deogarh ,"SHRI. CHARAN SINGH SAPRA, WORKING PRESIDENT",B,62.0,1,2,28,102,2,0,100,24.4,84.2,99.4,49.2,0
1842,Odisha,Dhenkanal ,"SHRI DEAN KOSIKOSE, MP",B,55.8,1,3,14,3,4,0,100,30.8,66.0,69.0,62.7,0
1843,Odisha,Gajapati ,SHRI N RAGUVEERA REDDY,B,65.0,1,6,23,0,7,0,100,73.7,80.2,24.7,78.2,0
1844,Odisha,Ganjam East ,"SHRI RAMLAL JAT, EX MINISTER",A,75.1,1,6,18,11,21,0,100,73.7,74.2,90.0,96.3,0
1845,Odisha,Ganjam West,"SHRI SACHIN NAIK, EX. AICC SECRETARY",B,68.9,1,5,17,20,28,0,100,46.3,73.0,95.9,97.4,0
1846,Odisha,Jagatsinghpur ,SHRI M LIJU,A,81.0,1,6,87,10,51,0,100,73.7,97.7,88.3,99.3,0
1847,Odisha,Jajpur ,SMT CHARULATA TOKAS,A,74.5,1,6,24,7,8,0,100,73.7,81.3,84.1,81.2,0
1848,Odisha,Jharsuguda,MS SHOBHA OZA,B,55.8,1,5,13,5,0,0,100,46.3,63.3,76.7,18.8,0
1849,Odisha,Kalahandi ,"SHRI. SHAIK MASTAN WALI, EX. AICC SECRETARY",A,87.8,1,8,156,10,42,0,100,99.5,99.1,88.3,99.1,0
1850,Odisha,Kandhamal ,SHRI PRAKASH JOSHI,B,66.7,1,4,33,4,12,0,100,38.9,88.3,72.6,90.3,0
1851,Odisha,Kendrapara ,"SHRI GOPINATH PALANIYAPPAN, AICC SECRETARY",B,64.4,1,6,8,3,13,0,100,73.7,45.9,69.0,91.7,0
1852,Odisha,Keonjhar ,SHRI HASSAN MOULANA,B,58.1,1,4,24,0,16,0,100,38.9,81.3,24.7,93.8,0
1853,Odisha,Khurda ,"SHRI BIMAL SHAH, EX. MINISTER",A,70.9,1,6,12,7,25,0,100,73.7,60.6,84.1,97.0,0
1854,Odisha,Koraput ,"SHRI GANESH YADAV, AICC SECRETARY",B,67.7,1,6,37,0,8,0,100,73.7,89.7,24.7,81.2,0
1855,Odisha,Malkangiri ,"SHRI RAGHVENDRA SINGH, MLA",A,79.2,1,6,57,7,15,0,100,73.7,95.3,84.1,93.3,0
1856,Odisha,Mayurbhanj East ,SHRI AHKILESH SHUKLA,A,74.9,1,6,174,39,0,0,100,73.7,99.6,98.1,18.8,0
1857,Odisha,Mayurbhanj West ,"SHRI NITIN KUMBALKAR, AICC JT. SECRETARY ",B,66.4,1,4,22,10,10,0,100,38.9,79.1,88.3,86.7,0
1858,Odisha,Nawarangpur ,"SHRI JETTI KUSUM KUMAR, EX. PCC WP",B,64.0,1,6,12,11,0,0,100,73.7,60.6,90.0,18.8,0
1859,Odisha,Nayagarh ,"SHRI MAHESH SHARMA, EX. PCC",B,49.2,1,3,10,0,15,0,100,30.8,53.7,24.7,93.3,0
1860,Odisha,Nuapada ,"SHRI MANOJ CHAUHAN, SECRETARY AICC",A,76.0,1,6,18,21,21,0,100,73.7,74.2,96.1,96.3,0
1861,Odisha,Puri ,"SHRI GC CHANDRASHEKHAR, MP",A,79.0,1,6,57,7,13,0,100,73.7,95.3,84.1,91.7,0
1862,Odisha,Rayagada ,SHRI RIZWAN ARSHAD,B,51.8,1,3,52,0,0,0,100,30.8,94.2,24.7,18.8,0
1863,Odisha,Rourkela ,"DR. PALAK VERMA, AICC JNT. SECRETARY",A,77.5,1,6,70,19,3,0,100,73.7,96.7,95.7,55.8,0
1864,Odisha,Sambalpur ,"SHRI. INDRARAJ GURJAR, EX. MLA",C,32.3,0,5,12,0,0,0,0,46.3,60.6,24.7,18.8,0
1865,Odisha,Subarnapur ,"SHRI. AMIT SIHAG, EX MLA",A,73.7,1,6,19,10,8,0,100,73.7,75.8,88.3,81.2,0
1866,Odisha,Sundargarh ,SHRI. SANJAY KAPOOR,B,68.3,1,6,44,2,0,0,100,73.7,93.0,64.8,18.8,0
1867,Punjab,Amritsar Rural,"DR. C.P JOSHI, FORMER SPEAKER",B,59.8,1,1,194,1,4,0,100,20.9,99.7,55.7,62.7,0
1868,Punjab,Amritsar Urban,"SHRI. C P MITTAL, EX. AICC SECRETARY",A,77.5,1,6,35,7,13,0,100,73.7,89.3,84.1,91.7,0
1869,Punjab,Barnala,"SHRI ASHOK SINGH, MP",B,56.0,1,4,10,12,1,0,100,38.9,53.7,91.2,41.6,0
1870,Punjab,Bathinda Rural,"SMT. MAMTA BHUPESH, EX. MINISTER",B,65.4,1,6,8,6,9,0,100,73.7,45.9,80.7,84.0,0
1871,Punjab,Bathinda Urban,"SHRI BALA BACCHAN, EX. MINISTER",A,79.0,1,6,61,6,20,0,100,73.7,95.7,80.7,95.7,0
1872,Punjab,Faridkot,SHRI NADEEM JAVED,B,64.5,1,6,16,1,2,0,100,73.7,71.0,55.7,49.2,0
1873,Punjab,Fatehgarh Sahib,"SHRI SACHIN YADAV, EX. MINISTER",B,66.8,1,6,27,1,1,0,100,73.7,83.4,55.7,41.6,0
1874,Punjab,Fazilka,"DR. A. CHELLA KUMAR, MEMBER CWC",A,79.3,1,6,53,48,6,0,100,73.7,94.4,98.8,74.2,0
1875,Punjab,Ferozepur,"SHRI. VIVEK BANSAL, EX. MEMBER CWC",B,64.6,1,6,29,0,4,0,100,73.7,85.0,24.7,62.7,0
1876,Punjab,Gurdaspur,"SHRI BHARATSINH SOLANKI, EX. PCC",A,76.6,1,6,30,6,20,0,100,73.7,86.1,80.7,95.7,0
1877,Punjab,Hoshiarpur,SHRI SURESH KUMAR,B,53.5,1,6,0,6,4,0,100,73.7,6.8,80.7,62.7,0
1878,Punjab,Jalandhar Rural,"SHRI BHUWAN KAPRI, DY-CLP",C,40.7,1,6,0,0,0,0,100,73.7,6.8,24.7,18.8,0
1879,Punjab,Jalandhar Urban,"SHRI RAJESH LILOTHIA, EX. CHIARMAN SC DEPT.",A,72.7,1,6,14,35,8,0,100,73.7,66.0,97.8,81.2,0
1880,Punjab,Kapurthala,"SHRI BHAJAN LAL JATAV, MP",B,62.2,1,6,18,1,0,0,100,73.7,74.2,55.7,18.8,0
1881,Punjab,Khanna,"SHRI R.S BALI, MLA",B,51.3,1,4,7,4,3,0,100,38.9,40.5,72.6,55.8,0
1882,Punjab,Ludhiana Rural,DR. SHIKHA MEEL,B,57.1,1,6,11,0,3,0,100,73.7,57.3,24.7,55.8,0
1883,Punjab,Ludhiana Urban,SMT. KRISHNA TIRATH,C,32.2,1,3,1,0,0,0,100,30.8,15.5,24.7,18.8,0
1884,Punjab,Malerkotla,"SHRI VIRENDER RATHORE, EX. AICC SECRETARY",B,58.5,1,6,21,0,0,0,100,73.7,77.8,24.7,18.8,0
1885,Punjab,Mansa,"SHRI ANIL CHAUDHARY, EX PCC PRESIDENT",A,70.7,1,6,21,3,6,0,100,73.7,77.8,69.0,74.2,0
1886,Punjab,Moga,SHRI BP SINGH,A,78.0,1,6,62,4,25,0,100,73.7,95.9,72.6,97.0,0
1887,Punjab,Mohali,"SHRI MANOJ YADAV, AICC SECRETARY",A,74.9,1,6,32,4,10,0,100,73.7,87.6,72.6,86.7,0
1888,Punjab,Muktsar,"SHRI VIKAR RASOOL WANI, EX. PCC",A,74.3,1,6,49,1,13,0,100,73.7,93.5,55.7,91.7,0
1889,Punjab,Pathankot,"SHRI R.K OJHA, AICC SECRETARY",C,40.1,0,6,8,1,0,0,0,73.7,45.9,55.7,18.8,0
1890,Punjab,Patiala Rural,"SMT. MANISHA PAWAR, EX. MLA",B,66.3,1,6,9,5,11,0,100,73.7,49.8,76.7,88.8,0
1891,Punjab,Patiala Urban,SHRI SANJAY DUTT,B,69.2,1,6,11,14,6,0,100,73.7,57.3,93.1,74.2,0
1892,Punjab,Ropar,"SHRI SUBHASH CHOPRA, EX. PCC",A,74.2,1,6,27,6,7,0,100,73.7,83.4,80.7,78.2,0
1893,Punjab,Sangrur,"SHRI JAGDISH JANGID, EX. MINISTER",B,67.4,1,6,16,1,7,0,100,73.7,71.0,55.7,78.2,0
1894,Punjab,SBS Nagar,"SHRI LALJI DESAI, PRESIDENT SEVADAL",B,56.2,1,6,15,0,0,0,100,73.7,68.7,24.7,18.8,0
1895,Punjab,Tarn Taran,"SHRI KULDEEP VATS, MLA",B,65.2,1,6,16,6,0,0,100,73.7,71.0,80.7,18.8,0
1896,Uttarakhand,ALMORA,"SHRI. AMRUT THAKOR, MLA",C,43.4,1,3,12,0,0,0,100,30.8,60.6,24.7,18.8,0
1897,Uttarakhand,BAGESHWAR,SHRI ROHIT CHAUDHARY,B,60.9,1,6,8,15,0,0,100,73.7,45.9,93.9,18.8,0
1898,Uttarakhand,CHAMOLI,"SMT. ARADHANA MISHRA MONA, CLP UP",B,62.3,1,4,22,4,5,0,100,38.9,79.1,72.6,69.3,0
1899,Uttarakhand,CHAMPAWAT,"SMT. SANGEETA BENIWAL, EX. MP CANDIDATE",C,42.3,1,5,7,0,0,0,100,46.3,40.5,24.7,18.8,0
1900,Uttarakhand,CITY ROORKEE,"SHRI RAO NARENDER SINGH, EX. MINISTER",A,70.2,1,6,32,9,0,0,100,73.7,87.6,86.7,18.8,0
1901,Uttarakhand,DEHRADUN CITY,"SHRI MANICKAM TAGORE, MP",B,60.8,1,6,15,1,0,0,100,73.7,68.7,55.7,18.8,0
1902,Uttarakhand,DEVPRYAG,"SMT. ANJALI NIMBALKAR, EX. MLA",B,60.1,1,4,57,0,7,0,100,38.9,95.3,24.7,78.2,0
1903,Uttarakhand,HARIDWAR CITY,"SHRI JAGDISH THAKOR, MEMBER CWC",B,55.5,1,6,14,0,0,0,100,73.7,66.0,24.7,18.8,0
1904,Uttarakhand,HARIDWAR RURAL,"SHRI. GIDUGU RUDRA RAJU, EX. PCC",A,70.3,1,6,10,11,40,0,100,73.7,53.7,90.0,98.9,0
1905,Uttarakhand,CITY KOTDWAR,MS SOFIA FIRDOUS,A,77.5,1,6,21,32,178,0,100,73.7,77.8,97.6,99.7,0
1906,Uttarakhand,KOTDWAR,"SHRI VIKAS THAKRE, MLA",A,73.7,1,6,123,12,0,0,100,73.7,98.7,91.2,18.8,0
1907,Uttarakhand,NAINITAL,SHRI SUKHDEV PANSE,B,63.8,1,6,7,6,8,0,100,73.7,40.5,80.7,81.2,0
1908,Uttarakhand,CITY HALDWANI,"CAPTAIN AJAY YADAV, EX. CHAIRMAN OBC DEPT",B,67.7,1,4,13,4,4,1,100,38.9,63.3,72.6,62.7,100
1909,Uttarakhand,PARWADOON,SHRI B. M. SANDEEP,A,86.1,1,8,43,17,11,0,100,99.5,92.3,95.1,88.8,0
1910,Uttarakhand,PACHWADOON,SHRI B. M. SANDEEP,A,85.6,1,7,31,25,29,0,100,98.2,87.0,96.6,97.6,0
1911,Uttarakhand,PAURI GARHWAL,"SHRI RAHUL KASWAN, MP",B,61.5,1,6,9,12,0,0,100,73.7,49.8,91.2,18.8,0
1912,Uttarakhand,PITHORAGARH,"SHRI PRAFFULLA V GUDADHE, AICC SECRETARY",B,54.1,1,5,19,0,2,0,100,46.3,75.8,24.7,49.2,0
1913,Uttarakhand,DIDIHAT,"DR. NITIN RAUT, EX. MINISTER",A,74.3,1,2,172,16,1,1,100,24.4,99.4,94.4,41.6,100
1914,Uttarakhand,PUROLA,"SHRI P.C SHARMA, EX MINISTER",B,62.8,1,6,7,3,11,0,100,73.7,40.5,69.0,88.8,0
1915,Uttarakhand,RANIKHET,SMT. REHANAA CHISTI EX.CHAIRMAN MAHILA AYOG,B,53.8,1,6,7,1,0,0,100,73.7,40.5,55.7,18.8,0
1916,Uttarakhand,ROORKEE,"SHRI RAJESH TIWARI, AICC SECRETARY",B,68.8,1,6,26,1,4,0,100,73.7,82.9,55.7,62.7,0
1917,Uttarakhand,RUDRAPRYAG,"SHRI HIMMAT SINGH PATEL, EX. MLA",A,73.2,1,6,27,14,2,0,100,73.7,83.4,93.1,49.2,0
1918,Uttarakhand,TEHRI GARHWAL,"SHRI KULDEEP RATHORE, EX. HPCC PRESIDENT",C,36.0,1,3,0,2,0,0,100,30.8,6.8,64.8,18.8,0
1919,Uttarakhand,CITY KASHIPUR,SHRI SHAKTISINH GOHIL,B,63.1,1,5,14,4,13,0,100,46.3,66.0,72.6,91.7,0
1920,Uttarakhand,CITY RUDRAPUR,DR. NARESH KUMAR,A,70.6,1,5,30,15,9,0,100,46.3,86.1,93.9,84.0,0
1921,Uttarakhand,UDHAMSINGH NAGAR,"SHRI RAO DAN SINGH, EX. MINISTER",B,65.9,1,6,10,15,2,0,100,73.7,53.7,93.9,49.2,0
1922,Uttarakhand,UTTARKASHI,SHRI KULDEEP INDORA,A,76.6,1,6,29,10,10,0,100,73.7,85.0,88.3,86.7,0
1927,Chhattisgarh,Jashpur,SHRI RAJESH THAKUR,B,58.0,1,6,10,0,6,0,100,73.7,53.7,24.7,74.2,0
1928,Chhattisgarh,Surguja,SHRI RAJESH THAKUR,B,58.4,1,6,11,0,5,0,100,73.7,57.3,24.7,69.3,0
1929,Chhattisgarh,Balrampur,SHRI VIKAS THAKRE,B,69.2,1,6,32,2,1,0,100,73.7,87.6,64.8,41.6,0
1930,Chhattisgarh,Surajpur,SHRI VIKAS THAKRE,A,72.6,1,6,63,4,1,0,100,73.7,96.3,72.6,41.6,0
1931,Chhattisgarh,Koriya,SHRI SUBODH KANT SAHAI,B,61.7,1,6,40,0,0,0,100,73.7,90.9,24.7,18.8,0
1932,Chhattisgarh,Manendragarh-Chirmiri-Bharatpur,SHRI SUBODH KANT SAHAI,B,47.7,1,3,21,0,0,0,100,30.8,77.8,24.7,18.8,0
1933,Chhattisgarh,Garella-Pendra Marwahi,SHRI SUBODH KANT SAHAI,B,46.8,1,6,5,0,0,0,100,73.7,31.3,24.7,18.8,0
1934,Chhattisgarh,Bilaspur Rural,SHRI UMANG SINGAR,B,52.7,1,3,5,8,15,0,100,30.8,31.3,85.8,93.3,0
1935,Chhattisgarh,Bilaspur City,SHRI UMANG SINGAR,B,45.3,1,3,2,2,8,0,100,30.8,19.0,64.8,81.2,0
1936,Chhattisgarh,Mungeli,SHRI UMANG SINGAR,B,45.0,1,3,3,2,5,0,100,30.8,22.5,64.8,69.3,0
1937,Chhattisgarh,Korba City,SHRI R. C. KHUNTIA,B,61.0,1,5,16,43,0,0,100,46.3,71.0,98.6,18.8,0
1938,Chhattisgarh,Korba Rural,SHRI R. C. KHUNTIA,A,79.0,1,7,16,13,7,0,100,98.2,71.0,92.1,78.2,0
1939,Chhattisgarh,Raigarh City,SHRI SITARAM LAMBA,A,70.4,1,6,29,1,6,0,100,73.7,85.0,55.7,74.2,0
1940,Chhattisgarh,Raigarh Rural,SHRI SITARAM LAMBA,A,75.9,1,6,86,2,9,0,100,73.7,97.6,64.8,84.0,0
1941,Chhattisgarh,Janjgeer-Champa,SHRI VIVEK BANSAL,B,61.8,1,6,16,0,5,0,100,73.7,71.0,24.7,69.3,0
1942,Chhattisgarh,Sakti,SHRI VIVEK BANSAL,B,51.2,1,6,4,0,6,0,100,73.7,26.4,24.7,74.2,0
1943,Chhattisgarh,Bilaigarh-sarangarh,"DR. NITIN RAUT, EX. MINISTER",B,47.8,0,3,69,15,0,0,0,30.8,96.5,93.9,18.8,0
1944,Chhattisgarh,Balodabazar,"DR. NITIN RAUT, EX. MINISTER",B,59.1,1,3,169,2,0,0,100,30.8,99.2,64.8,18.8,0
1945,Chhattisgarh,Bemetara,SHRI SHYAM KUMAR BARWE,B,45.4,1,6,0,1,0,0,100,73.7,6.8,55.7,18.8,0
1946,Chhattisgarh,Kawardha,SHRI SHYAM KUMAR BARWE,B,45.4,1,6,0,1,0,0,100,73.7,6.8,55.7,18.8,0
1947,Chhattisgarh,Khairagarh-Chhuikhadan-Gandai,SHRI CHARAN SINGH SAPRA,B,61.1,1,4,12,193,4,0,100,38.9,60.6,99.7,62.7,0
1948,Chhattisgarh,Rajnandgaon City,SHRI CHARAN SINGH SAPRA,A,71.1,1,6,18,148,1,0,100,73.7,74.2,99.6,41.6,0
1949,Chhattisgarh,Rajnandgaon Rural,SHRI CHARAN SINGH SAPRA,A,76.4,1,6,31,382,4,0,100,73.7,87.0,99.9,62.7,0
1950,Chhattisgarh,Mohla-Manpur-Ambagarh Chowki,SHRI CHARAN SINGH SAPRA,B,55.2,1,3,10,80,1,0,100,30.8,53.7,99.2,41.6,0
1951,Chhattisgarh,Durg rural,SHRI AJAY KUMAR LALLU,B,49.1,1,6,5,0,1,0,100,73.7,31.3,24.7,41.6,0
1952,Chhattisgarh,Durg city,SHRI AJAY KUMAR LALLU,B,55.9,1,6,5,1,4,0,100,73.7,31.3,55.7,62.7,0
1953,Chhattisgarh,Bhilai city,SHRI AJAY KUMAR LALLU,B,59.6,1,6,4,4,10,0,100,73.7,26.4,72.6,86.7,0
1954,Chhattisgarh,Balod,"SHRI MANOJ YADAV, AICC SECRETARY",B,56.9,1,6,3,4,5,0,100,73.7,22.5,72.6,69.3,0
1955,Chhattisgarh,Kanker,"SHRI MANOJ YADAV, AICC SECRETARY",B,53.3,1,5,5,5,6,0,100,46.3,31.3,76.7,74.2,0
1956,Chhattisgarh,Raipur City,SHRI PRAFULLA GUDADHE,C,44.1,1,4,8,0,1,0,100,38.9,45.9,24.7,41.6,0
1957,Chhattisgarh,Raipur Rural,SHRI PRAFULLA GUDADHE,C,40.7,1,3,7,0,1,0,100,30.8,40.5,24.7,41.6,0
1958,Chhattisgarh,Dhamtari,SMT. REHANAA CHISTI EX.CHAIRMAN MAHILA AYOG,B,60.1,1,6,10,1,2,0,100,73.7,53.7,55.7,49.2,0
1959,Chhattisgarh,Gariaband,SMT. REHANAA CHISTI EX.CHAIRMAN MAHILA AYOG,B,58.2,1,6,8,1,2,0,100,73.7,45.9,55.7,49.2,0
1960,Chhattisgarh,Mahasamund,MS RITA CHAUDHARY,B,50.0,1,5,10,0,4,0,100,46.3,53.7,24.7,62.7,0
1961,Chhattisgarh,Kondagaon,SHRI SAPTAGIRI ULAKA,B,48.7,1,6,4,0,2,0,100,73.7,26.4,24.7,49.2,0
1962,Chhattisgarh,Jagdalpur City,SHRI SAPTAGIRI ULAKA,B,52.9,1,6,7,0,3,0,100,73.7,40.5,24.7,55.8,0
1963,Chhattisgarh,Bastar Rural,SHRI SAPTAGIRI ULAKA,B,47.9,1,6,4,0,1,0,100,73.7,26.4,24.7,41.6,0
1964,Chhattisgarh,Narayanpur,SHRI AZMATULLAH HUSSAINI,C,40.6,1,5,2,0,3,0,100,46.3,19.0,24.7,55.8,0
1965,Chhattisgarh,Dantewada,SHRI AZMATULLAH HUSSAINI,B,45.5,1,5,6,0,4,0,100,46.3,35.8,24.7,62.7,0
1966,Chhattisgarh,Sukma,SHRI AZMATULLAH HUSSAINI,C,41.6,1,3,6,0,4,0,100,30.8,35.8,24.7,62.7,0
1967,Chhattisgarh,Bijapaur,SHRI AZMATULLAH HUSSAINI,B,46.7,1,5,7,0,4,0,100,46.3,40.5,24.7,62.7,0
1968,Rajasthan,AJMER RURAL,SHRI ASHOK TANWAR,B,49.0,0,6,25,0,4,0,0,73.7,82.3,24.7,62.7,0
1969,Rajasthan,AJMER URBAN,SHRI ASHOK TANWAR,B,67.7,1,6,30,0,12,0,100,73.7,86.1,24.7,90.3,0
1970,Rajasthan,ALWAR,SHRI SALEEM AHMAD,B,63.3,1,6,16,0,9,0,100,73.7,71.0,24.7,84.0,0
1971,Rajasthan,BALOTRA,SHRI RAJESH TIWARI,B,63.6,1,6,27,0,3,0,100,73.7,83.4,24.7,55.8,0
1972,Rajasthan,BANSWARA,"SHRI LALJI DESAI, PRESIDENT SEVADAL",B,65.2,1,6,7,9,10,0,100,73.7,40.5,86.7,86.7,0
1973,Rajasthan,BARAN,"SHRI RAO DAN SINGH, EX. MINISTER",B,50.3,1,6,4,1,0,0,100,73.7,26.4,55.7,18.8,0
1974,Rajasthan,BARMER,SHRI RAJESH TIWARI,B,65.6,1,6,30,0,5,0,100,73.7,86.1,24.7,69.3,0
1975,Rajasthan,BEAWAR,SHRI SUKHDEV BHAGAT,B,47.8,1,4,9,0,5,0,100,38.9,49.8,24.7,69.3,0
1976,Rajasthan,BHARATPUR,SHRI KEWAL SINGH PATHANIA,B,53.5,1,6,8,0,2,0,100,73.7,45.9,24.7,49.2,0
1977,Rajasthan,BHILWARA RURAL,SHRI VIKAR RASOOL WANI,B,64.9,1,6,41,0,2,0,100,73.7,91.4,24.7,49.2,0
1978,Rajasthan,BHILWARA URBAN,SHRI VIKAR RASOOL WANI,B,67.9,1,6,31,0,12,0,100,73.7,87.0,24.7,90.3,0
1979,Rajasthan,BIKANER RURAL,"SHRI RAJESH LILOTHIA, EX. CHIARMAN SC DEPT.",B,66.2,1,6,7,17,9,0,100,73.7,40.5,95.1,84.0,0
1980,Rajasthan,BIKANER URBAN,"SHRI RAJESH LILOTHIA, EX. CHIARMAN SC DEPT.",B,62.2,1,6,5,5,18,0,100,73.7,31.3,76.7,94.4,0
1981,Rajasthan,BUNDI,SHRI JETTI KUSUM KUMAR,B,53.4,1,6,4,5,0,0,100,73.7,26.4,76.7,18.8,0
1982,Rajasthan,CHITTORGARH,SUBHASHINI YADAV,A,77.3,1,8,16,5,8,0,100,99.5,71.0,76.7,81.2,0
1983,Rajasthan,CHURU,"SHRI SUBHASH CHOPRA, EX. PCC",B,59.9,1,6,14,0,4,0,100,73.7,66.0,24.7,62.7,0
1984,Rajasthan,DAUSA,SHRI ANIL BHARDWAJ,B,63.9,1,5,23,3,5,0,100,46.3,80.2,69.0,69.3,0
1985,Rajasthan,DEEDWANA-KUCHAMAN,DR. AMEE YAJNIK,B,55.7,1,2,19,5,1,0,100,24.4,75.8,76.7,41.6,0
1986,Rajasthan,DEEG,SHRI KEWAL SINGH PATHANIA,B,51.7,1,6,6,0,3,0,100,73.7,35.8,24.7,55.8,0
1987,Rajasthan,DHOLPUR,SHRI NADEEM JAVED,C,30.0,1,3,0,0,0,0,100,30.8,6.8,24.7,18.8,0
1988,Rajasthan,DUNGARPUR,"SHRI LALJI DESAI, PRESIDENT SEVADAL",A,72.1,1,6,13,16,10,0,100,73.7,63.3,94.4,86.7,0
1989,Rajasthan,GANGANAGAR,SHRI KULJEET NAGRA,B,67.5,1,6,9,6,19,0,100,73.7,49.8,80.7,95.0,0
1990,Rajasthan,HANUMANGARH,SHRI AMIT VIJ,A,73.2,1,6,13,17,27,0,100,73.7,63.3,95.1,97.2,0
1991,Rajasthan,JAIPUR RURAL (EAST),SHRI VIJAY INDER SINGLA,C,38.6,0,6,0,5,5,0,0,73.7,6.8,76.7,69.3,0
1992,Rajasthan,JAIPUR RURAL (WEST),SHRI VIJAY INDER SINGLA,C,37.3,0,6,0,4,4,0,0,73.7,6.8,72.6,62.7,0
1993,Rajasthan,JAIPUR URBAN,SHRI GIDUGU RUDRA RAJU,B,66.4,1,6,10,2,33,0,100,73.7,53.7,64.8,98.1,0
1994,Rajasthan,JAISALMER,SUSHANT MISHRA,B,54.4,1,6,2,1,7,0,100,73.7,19.0,55.7,78.2,0
1995,Rajasthan,JALORE,SHRI PARESH DHANANI,D,9.7,0,0,0,0,0,0,0,9.7,6.8,24.7,18.8,0
1996,Rajasthan,JHALAWAR,"SHRI RAO DAN SINGH, EX. MINISTER",B,51.5,1,6,5,1,0,0,100,73.7,31.3,55.7,18.8,0
1997,Rajasthan,JHUNJHUNU,CAPT. PRAVEEN DAWAR,A,73.7,1,6,16,10,14,0,100,73.7,71.0,88.3,92.8,0
1998,Rajasthan,JODHPUR RURAL,SHRI YASHPAL ARYA,A,74.5,1,6,57,3,5,0,100,73.7,95.3,69.0,69.3,0
1999,Rajasthan,JODHPUR URBAN,SUSHANT MISHRA,A,74.8,1,6,51,1,20,0,100,73.7,93.9,55.7,95.7,0
2000,Rajasthan,KARAULI,SHRI NADEEM JAVED,B,63.9,1,6,15,1,2,0,100,73.7,68.7,55.7,49.2,0
2001,Rajasthan,KHAIRTHAL-TIJARA,"SHRI BHARATSINH SOLANKI, EX. PCC",B,64.3,1,6,7,4,33,0,100,73.7,40.5,72.6,98.1,0
2002,Rajasthan,KOTA RURAL,SHRI JETTI KUSUM KUMAR,B,54.0,1,6,5,4,0,0,100,73.7,31.3,72.6,18.8,0
2003,Rajasthan,KOTA URBAN,SHRI JETTI KUSUM KUMAR,B,55.8,1,6,5,7,0,0,100,73.7,31.3,84.1,18.8,0
2004,Rajasthan,KOTPUTLI-BEHROR,"SHRI BHARATSINH SOLANKI, EX. PCC",B,69.8,1,6,13,4,22,0,100,73.7,63.3,72.6,96.6,0
2005,Rajasthan,NAGAUR,SHRI SHAKIR SANADI,B,57.4,1,6,9,0,7,0,100,73.7,49.8,24.7,78.2,0
2006,Rajasthan,NEENKATHANA- SIKAR,SHRI SUKHDEV PANSE,B,51.9,1,6,4,0,8,0,100,73.7,26.4,24.7,81.2,0
2007,Rajasthan,PALI,SMT. GEETA BHUKKAL,B,47.0,0,6,12,5,0,0,0,73.7,60.6,76.7,18.8,0
2008,Rajasthan,PHALODI,SMT. GEETA BHUKKAL,C,39.7,0,6,5,5,0,0,0,73.7,31.3,76.7,18.8,0
2009,Rajasthan,PRATAPGARH,SHRI AMIT SIHAG,A,72.5,1,6,29,8,2,0,100,73.7,85.0,85.8,49.2,0
2010,Rajasthan,RAJSAMAND,SHRI SUKHDEV BHAGAT,C,43.7,1,4,10,0,0,0,100,38.9,53.7,24.7,18.8,0
2011,Rajasthan,SALUMBER,SHRI AMIT SIHAG,B,65.0,1,6,12,5,2,0,100,73.7,60.6,76.7,49.2,0
2012,Rajasthan,SAWAI MADHOPUR,SHRI RAJESH RATHORE,B,60.7,1,6,7,2,6,0,100,73.7,40.5,64.8,74.2,0
2013,Rajasthan,SIKAR,SHRI SUKHDEV PANSE,B,55.1,1,6,7,0,7,0,100,73.7,40.5,24.7,78.2,0
2014,Rajasthan,SIROHI,SHRI PARESH DHANANI,D,9.7,0,0,0,0,0,0,0,9.7,6.8,24.7,18.8,0
2015,Rajasthan,TONK,SHRI RAJESH RATHORE,B,58.4,1,6,5,2,6,0,100,73.7,31.3,64.8,74.2,0
2016,Rajasthan,UDAIPUR RURAL,SMT. YASHOMATI THAKUR,B,65.7,1,6,12,2,6,0,100,73.7,60.6,64.8,74.2,0
2017,Rajasthan,UDAIPUR URBAN,SMT. YASHOMATI THAKUR,B,57.8,1,6,3,3,9,0,100,73.7,22.5,69.0,84.0,0
2018,Telangana,Hyderabad,SHRI AMIN PATEL,A,72.9,1,6,63,11,0,0,100,73.7,96.3,90.0,18.8,0
2019,Telangana,Secunderabad,"DR. C.P JOSHI, FORMER SPEAKER",A,78.3,1,6,122,6,8,0,100,73.7,98.6,80.7,81.2,0
2020,Telangana,Khairathabad,SHRI SHAKTISINH GOHIL,A,79.3,1,6,37,17,13,0,100,73.7,89.7,95.1,91.7,0
2021,Telangana,Vikarabad,SHRI SURAJ SINGH THAKUR,A,80.6,1,6,62,14,13,0,100,73.7,95.9,93.1,91.7,0
2022,Telangana,Medchal Malkagiri,"SMT. ANJALI NIMBALKAR, EX. MLA",B,64.8,1,5,31,4,3,0,100,46.3,87.0,72.6,55.8,0
2023,Telangana,Rangareddy,SHRI ROBERT BRUCE,B,66.8,1,6,8,6,29,0,100,73.7,45.9,80.7,97.6,0
2024,Telangana,Sangareddy,"SMT. SZARITA LAITPHLANG, AICC SECRETARY",A,79.6,1,6,43,12,18,0,100,73.7,92.3,91.2,94.4,0
2025,Telangana,Medak,KM. JYOTI RAUTELA,C,39.9,0,6,8,0,4,0,0,73.7,45.9,24.7,62.7,0
2026,Telangana,Siddipet,KM. JYOTI RAUTELA,C,44.9,0,6,10,0,16,0,0,73.7,53.7,24.7,93.8,0
2027,Telangana,Asifabad ,DR. NARESH KUMAR,C,41.8,1,1,6,0,11,0,100,20.9,35.8,24.7,88.8,0
2028,Telangana,Mancherial,DR. NARESH KUMAR,C,41.8,1,1,6,0,11,0,100,20.9,35.8,24.7,88.8,0
2029,Telangana,Adilabad,SHRI AJAY SINGH,B,47.1,1,5,6,2,0,0,100,46.3,35.8,64.8,18.8,0
2030,Telangana,Nirmal,SHRI AJAY SINGH,B,57.5,1,6,9,2,0,0,100,73.7,49.8,64.8,18.8,0
2031,Telangana,Kamareddy,SHRI RAJPAL KHAROLA,A,76.7,1,6,55,7,5,0,100,73.7,94.8,84.1,69.3,0
2032,Telangana,Nizamabad Corporation ,SHRI RIZWAN ARSHAD,B,46.8,1,6,5,0,0,0,100,73.7,31.3,24.7,18.8,0
2033,Telangana,Nizamabad,SHRI RIZWAN ARSHAD,B,57.3,1,6,17,0,0,0,100,73.7,73.0,24.7,18.8,0
2034,Telangana,Jagitial,DR.K JAYAKUMAR,C,39.8,1,3,5,0,3,0,100,30.8,31.3,24.7,55.8,0
2035,Telangana,Ramagundam Corporation,DR.K JAYAKUMAR,C,33.6,1,2,1,0,2,0,100,24.4,15.5,24.7,49.2,0
2036,Telangana,Peddapalli,DR.K JAYAKUMAR,C,44.1,1,3,2,3,4,0,100,30.8,19.0,69.0,62.7,0
2037,Telangana,Karimnagar Corporation,SHRI SIRINIVAS MANE,C,36.8,1,3,1,1,0,0,100,30.8,15.5,55.7,18.8,0
2038,Telangana,Karimnagar,SHRI SIRINIVAS MANE,B,60.1,1,6,4,4,13,0,100,73.7,26.4,72.6,91.7,0
2039,Telangana,Rajanna Sircilla,SHRI SIRINIVAS MANE,B,52.2,1,5,4,3,10,0,100,46.3,26.4,69.0,86.7,0
2040,Telangana,Nagar Kurnool,SHRI V NARAYANSAMY,C,24.2,0,2,5,1,0,0,0,24.4,31.3,55.7,18.8,0
2041,Telangana,Wanaparthy,SHRI V NARAYANSAMY,C,25.8,0,1,6,2,0,0,0,20.9,35.8,64.8,18.8,0
2042,Telangana,Gadwal,SHRI V NARAYANSAMY,C,22.0,0,2,3,1,0,0,0,24.4,22.5,55.7,18.8,0
2043,Telangana,Mahabubnagar,SHRI M NARAYAN SWAMY,B,51.6,1,5,15,0,1,0,100,46.3,68.7,24.7,41.6,0
2044,Telangana,Narayanpet,SHRI M NARAYAN SWAMY,B,57.2,1,6,12,0,2,0,100,73.7,60.6,24.7,49.2,0
2045,Telangana,Suryapet,SHRI SARAT RAUT,B,53.4,1,6,4,5,0,0,100,73.7,26.4,76.7,18.8,0
2046,Telangana,Bhongiri,SHRI SARAT RAUT,B,53.5,1,6,5,3,0,0,100,73.7,31.3,69.0,18.8,0
2047,Telangana,Nalgonda,SHRI BISHWARANJAN MOHANTHY,A,81.7,1,6,97,14,31,0,100,73.7,98.2,93.1,97.9,0
2048,Telangana,Warangal,SHRI NABAJYOTI PATNAIK,A,76.8,1,6,48,4,13,0,100,73.7,93.3,72.6,91.7,0
2049,Telangana,Hanamkonda,SHRI NABAJYOTI PATNAIK,A,76.8,1,6,51,3,20,0,100,73.7,93.9,69.0,95.7,0
2050,Telangana,Jangaon,SHRI DEBASIS PATNAIK,B,56.2,1,6,3,4,4,0,100,73.7,22.5,72.6,62.7,0
2051,Telangana,Mulugu ,SHRI JOHNSON ABRAHAM,B,61.9,1,5,14,7,4,0,100,46.3,66.0,84.1,62.7,0
2052,Telangana,Jayashankar Bhupalpalle,SHRI JOHNSON ABRAHAM,A,70.3,1,6,18,4,6,0,100,73.7,74.2,72.6,74.2,0
2053,Telangana,Badradri Kothagudem,SHRI JOHNSON ABRAHAM,A,74.7,1,6,19,14,9,0,100,73.7,75.8,93.1,84.0,0
2054,Telangana,Khammam,SHRI K MAHENDRAN,B,65.5,1,6,21,0,11,0,100,73.7,77.8,24.7,88.8,0
2055,Telangana,Khammam Corporation,SHRI K MAHENDRAN,C,44.3,1,5,4,0,6,0,100,46.3,26.4,24.7,74.2,0
2056,Telangana,Mahabubabad,SHRI DEBASIS PATNAIK,B,59.7,1,6,5,8,3,0,100,73.7,31.3,85.8,55.8,0
2058,Andhra Pradesh,Allurisita Rama Raju,SHRI DEBASIS PATNAIK,B,47.0,1,3,4,6,3,0,100,30.8,26.4,80.7,55.8,0
2059,Andhra Pradesh,Anakapalli,SUSHANT MISHRA,B,66.8,1,6,16,0,0,3,100,73.7,71.0,24.7,18.8,100
2060,Andhra Pradesh,Anantapuram,SHRI. PARMESHWAR NAIK,C,38.5,1,5,0,1,0,0,100,46.3,6.8,55.7,18.8,0
2061,Andhra Pradesh,Anantapuram City,SHRI. PARMESHWAR NAIK,D,12.5,0,1,0,0,0,0,0,20.9,6.8,24.7,18.8,0
2062,Andhra Pradesh,Annamayya (Rajampet),SHRI K MAHENDRAN,B,59.0,1,6,16,0,1,0,100,73.7,71.0,24.7,41.6,0
2063,Andhra Pradesh,Bapatla,SHRI. SHARAD AHIRE,B,45.3,1,3,7,1,1,0,100,30.8,40.5,55.7,41.6,0
2064,Andhra Pradesh,Chittoor,DR.K JAYAKUMAR,B,55.5,1,6,14,0,0,0,100,73.7,66.0,24.7,18.8,0
2065,Andhra Pradesh,Chittoor City,DR.K JAYAKUMAR,C,32.2,1,3,1,0,0,0,100,30.8,15.5,24.7,18.8,0
2066,Andhra Pradesh,Dr Ambedkar Konaseema,SHRI AHKILESH SHUKLA,A,78.2,1,6,43,41,5,0,100,73.7,92.3,98.4,69.3,0
2067,Andhra Pradesh,East Godavari (Rajahmundry),MS. AMBA PRASAD,B,61.3,1,7,8,1,0,0,100,98.2,45.9,55.7,18.8,0
2068,Andhra Pradesh,Eluru,CAPT. PRAVEEN DAWAR,B,57.3,1,6,8,0,10,0,100,73.7,45.9,24.7,86.7,0
2069,Andhra Pradesh,Eluru City,CAPT. PRAVEEN DAWAR,C,42.5,1,2,8,0,4,0,100,24.4,45.9,24.7,62.7,0
2070,Andhra Pradesh,Guntur,SHRI. SAUMYA REDDY,B,46.1,1,3,7,1,2,0,100,30.8,40.5,55.7,49.2,0
2071,Andhra Pradesh,Guntur City,SHRI. SAUMYA REDDY,C,38.4,1,2,2,1,1,0,100,24.4,19.0,55.7,41.6,0
2072,Andhra Pradesh,Kadapa City,SHRI. VIJAY VASANTH,C,42.9,1,4,3,1,1,0,100,38.9,22.5,55.7,41.6,0
2073,Andhra Pradesh,Kakinada,SHRI. ALI MEHANDI,A,75.8,1,6,25,0,8,4,100,73.7,82.3,24.7,81.2,100
2074,Andhra Pradesh,Kakinada City,SHRI. ALI MEHANDI,B,58.2,1,6,2,0,4,1,100,73.7,19.0,24.7,62.7,100
2075,Andhra Pradesh,Krishna (Machilipattinam),SHRI SANJAY DUTT,B,65.6,1,4,28,17,3,0,100,38.9,84.2,95.1,55.8,0
2076,Andhra Pradesh,Kurnool,SHRI. YOGESH H.C,A,72.1,1,6,9,1,7,1,100,73.7,49.8,55.7,78.2,100
2077,Andhra Pradesh,Kurnool City,SHRI. YOGESH H.C,B,50.5,1,5,9,0,7,0,100,46.3,49.8,24.7,78.2,0
2078,Andhra Pradesh,Machilipatinam City,SHRI SANJAY DUTT,B,45.5,1,4,2,2,4,0,100,38.9,19.0,64.8,62.7,0
2079,Andhra Pradesh,Manyam,SHRI DEBASIS PATNAIK,B,48.0,1,4,4,3,4,0,100,38.9,26.4,69.0,62.7,0
2080,Andhra Pradesh,Nandyal,SHRI. N.A.HARIS,B,57.5,1,3,27,1,3,0,100,30.8,83.4,55.7,55.8,0
2081,Andhra Pradesh,Nellore City,SHRI HASSAN MOULANA,C,35.3,1,3,2,0,1,0,100,30.8,19.0,24.7,41.6,0
2082,Andhra Pradesh,NTR (Vijayawada),SHRI. NEERAJ DANGI,B,59.7,1,4,11,0,5,1,100,38.9,57.3,24.7,69.3,100
2083,Andhra Pradesh,Ongole City,SHRI NADEEM JAVED,C,41.7,1,3,10,0,0,0,100,30.8,53.7,24.7,18.8,0
2084,Andhra Pradesh,Palnadu (Narasaraopet),DR. SHIKHA MEEL,C,25.5,0,2,7,0,3,0,0,24.4,40.5,24.7,55.8,0
2085,Andhra Pradesh,Prakasam (Ongole),SHRI NADEEM JAVED,B,46.7,1,5,8,0,2,0,100,46.3,45.9,24.7,49.2,0
2086,Andhra Pradesh,Rajahmundry City,MS. AMBA PRASAD,C,36.0,1,5,1,0,0,0,100,46.3,15.5,24.7,18.8,0
2087,Andhra Pradesh,SPS Nellore,SHRI HASSAN MOULANA,C,37.6,1,2,5,0,2,0,100,24.4,31.3,24.7,49.2,0
2088,Andhra Pradesh,Sri Satyasai (Hindupur),SHRI AJAY SINGH,B,55.8,1,3,25,1,1,0,100,30.8,82.3,55.7,41.6,0
2089,Andhra Pradesh,Srikakulam,SHRI SURAJ SINGH THAKUR,A,74.6,1,6,53,2,7,0,100,73.7,94.4,64.8,78.2,0
2090,Andhra Pradesh,Srikakulam City,SHRI SURAJ SINGH THAKUR,C,36.0,1,2,3,0,3,0,100,24.4,22.5,24.7,55.8,0
2091,Andhra Pradesh,Tirupati,MS. R.SUDHA,B,61.3,1,7,9,0,3,0,100,98.2,49.8,24.7,55.8,0
2092,Andhra Pradesh,Tirupati City,MS. R.SUDHA,C,39.5,0,6,9,0,2,0,0,73.7,49.8,24.7,49.2,0
2093,Andhra Pradesh,Vijayawada City,SHRI. NEERAJ DANGI,B,45.1,1,3,9,0,4,0,100,30.8,49.8,24.7,62.7,0
2094,Andhra Pradesh,Visakhapatnam,Shri Sunil Ahire,B,50.6,1,3,7,5,4,0,100,30.8,40.5,76.7,62.7,0
2096,Andhra Pradesh,Vizianagaram,SHRI. RAVINDRA DAS,A,78.3,1,8,25,0,1,1,100,99.5,82.3,24.7,41.6,100
2097,Andhra Pradesh,Vizianagaram City,SHRI. RAVINDRA DAS,C,44.0,1,3,10,0,1,0,100,30.8,53.7,24.7,41.6,0
2098,Andhra Pradesh,West Godavari (Narasapuram),SHRI. JASVEER SINGH DIMPA,A,82.9,1,6,19,6,9,10,100,73.7,75.8,80.7,84.0,100
2099,Andhra Pradesh,YSR Kadapa,SHRI. VIJAY VASANTH,B,59.4,1,5,13,6,2,0,100,46.3,63.3,80.7,49.2,0
2100,Himachal Pradesh,Bilaspur,MS HINA KAWRE,B,65.9,1,6,10,6,5,0,100,73.7,53.7,80.7,69.3,0
2101,Himachal Pradesh,Chamba,SHRI SUKHDEV BHAGAT,B,55.1,1,5,7,5,5,0,100,46.3,40.5,76.7,69.3,0
2102,Himachal Pradesh,Hamirpur,SHRI SHAKTISINH GOHIL,B,63.6,1,5,14,6,9,0,100,46.3,66.0,80.7,84.0,0
2103,Himachal Pradesh,Kangra,SHRI VIKAR RASOOL WANI,B,66.2,1,6,23,0,12,0,100,73.7,80.2,24.7,90.3,0
2104,Himachal Pradesh,Kinnaur,SHRI. RANVIJAY SINGH LOCHAV,B,65.7,1,6,6,1,2,1,100,73.7,35.8,55.7,49.2,100
2105,Himachal Pradesh,Kullu,SHRI KULDEEP INDORA,A,78.4,1,6,39,0,10,2,100,73.7,90.5,24.7,86.7,100
2106,Himachal Pradesh,Lahaulspiti,KM. JYOTI RAUTELA,B,57.0,1,6,9,0,6,0,100,73.7,49.8,24.7,74.2,0
2107,Himachal Pradesh,Mandi,SHRI RAJESH THAKUR,B,65.6,1,6,21,0,12,0,100,73.7,77.8,24.7,90.3,0
2108,Himachal Pradesh,Shimla (R),SMT. SANJANA JATAV,B,62.4,1,6,5,0,6,2,100,73.7,31.3,24.7,74.2,100
2109,Himachal Pradesh,Sirmaur,SHRI BP SINGH,A,81.4,1,6,23,1,20,6,100,73.7,80.2,55.7,95.7,100
2110,Himachal Pradesh,Solan,SHRI. JITENDRA BAGHEL,A,82.2,1,6,33,2,5,1,100,73.7,88.3,64.8,69.3,100
2111,Himachal Pradesh,Una,SHRI SUKHDEV PANSE,B,66.3,1,6,7,0,12,5,100,73.7,40.5,24.7,90.3,100
2112,Jammu and Kashmir,Anantnag,SHRI RAFIQ KHAN,B,51.5,1,6,9,0,0,0,100,73.7,49.8,24.7,18.8,0
2113,Jammu and Kashmir,Bandipur,SHRI SITARAM LAMBA,A,85.9,1,6,33,4,18,1,100,73.7,88.3,72.6,94.4,100
2114,Jammu and Kashmir,Baramulla,SHRI. ABDUL HANNAN,B,66.5,1,6,30,0,7,0,100,73.7,86.1,24.7,78.2,0
2115,Jammu and Kashmir,Budgam,SMT. SHAMINA SHAFIQ,A,71.5,1,6,34,1,6,0,100,73.7,89.0,55.7,74.2,0
2116,Jammu and Kashmir,Doda,SHRI PRAKASH JOSHI,B,54.2,1,3,19,0,11,0,100,30.8,75.8,24.7,88.8,0
2117,Jammu and Kashmir,Ganderbal,SHRI. SANJAY CHHOKAR,A,82.3,1,7,11,11,2,2,100,98.2,57.3,90.0,49.2,100
2118,Jammu and Kashmir,Jammu Rural,SHRI MOHAN MARKAM,B,61.8,1,8,4,1,5,0,100,99.5,26.4,55.7,69.3,0
2119,Jammu and Kashmir,Jammu Urban,MS RITA CHAUDHARY,B,54.9,1,5,22,0,2,0,100,46.3,79.1,24.7,49.2,0
2120,Jammu and Kashmir,Kathua,SHRI YASHPAL ARYA,B,67.9,1,6,41,2,0,0,100,73.7,91.4,64.8,18.8,0
2121,Jammu and Kashmir,Kishtwar,SHRI KEWAL SINGH PATHANIA,B,64.9,1,7,12,1,0,0,100,98.2,60.6,55.7,18.8,0
2122,Jammu and Kashmir,Kulgam,SHRI. JAYENDRA RAMOLA,B,60.1,1,6,6,6,3,0,100,73.7,35.8,80.7,55.8,0
2123,Jammu and Kashmir,Kupwara,SHRI. SANJAY KAPOOR,A,71.7,1,6,13,13,10,0,100,73.7,63.3,92.1,86.7,0
2124,Jammu and Kashmir,Poonch,SHRI. ANANT DAHIYA,A,73.5,1,6,8,9,3,4,100,73.7,45.9,86.7,55.8,100
2125,Jammu and Kashmir,Pulwama,SHRI. AFTAB AHMED,B,61.2,1,6,15,0,5,0,100,73.7,68.7,24.7,69.3,0
2126,Jammu and Kashmir,Rajouri,SHRI SURESH KUMAR,C,36.9,0,6,0,7,1,0,0,73.7,6.8,84.1,41.6,0
2127,Jammu and Kashmir,Ramban,SHRI JETTI KUSUM KUMAR,B,64.1,1,6,10,1,11,0,100,73.7,53.7,55.7,88.8,0
2128,Jammu and Kashmir,Reasi,SMT. SARIKA SINGH,B,66.8,1,6,7,1,2,4,100,73.7,40.5,55.7,49.2,100
2129,Jammu and Kashmir,Samba,SHRI. TASVEER SOLANKI,A,77.6,1,6,44,11,6,0,100,73.7,93.0,90.0,74.2,0
2130,Jammu and Kashmir,Shopian,SHRI DINESH GURJAR,B,55.0,1,6,3,2,4,0,100,73.7,22.5,64.8,62.7,0
2131,Jammu and Kashmir,Srinagar,SHRI. AJAY KUMAR LALLU,B,64.4,1,6,21,0,7,0,100,73.7,77.8,24.7,78.2,0
2132,Jammu and Kashmir,Udhampur,SHRI. UDAI BHAN,B,69.0,1,6,12,11,5,0,100,73.7,60.6,90.0,69.3,0
2133,Tamil Nadu,Ariyalur,SHRI. SHARAT BACCHEGOWDA,B,61.3,1,6,8,5,2,0,100,73.7,45.9,76.7,49.2,0
2134,Tamil Nadu,Avadi Corporation,SHRI B. M. SANDEEP,B,67.5,1,6,12,2,13,0,100,73.7,60.6,64.8,91.7,0
2135,Tamil Nadu,Central Chennai East,SHRI N RAGUVEERA REDDY,A,70.3,1,6,11,1,1,3,100,73.7,57.3,55.7,41.6,100
2136,Tamil Nadu,Central Chennai West,SHRI N RAGUVEERA REDDY,A,71.1,1,6,12,1,1,2,100,73.7,60.6,55.7,41.6,100
2137,Tamil Nadu,Chengalpet North,SMT. GEETA BHUKKAL,B,50.0,1,3,7,2,6,0,100,30.8,40.5,64.8,74.2,0
2138,Tamil Nadu,Chengelpet South,SMT. GEETA BHUKKAL,B,50.1,1,3,7,3,5,0,100,30.8,40.5,69.0,69.3,0
2139,Tamil Nadu,Cuddalore Central,SHRI. K.B.R.NAIDU,A,71.7,1,6,15,0,6,1,100,73.7,68.7,24.7,74.2,100
2140,Tamil Nadu,Cuddalore South,SHRI. SHARAT BACCHEGOWDA,B,65.6,1,6,11,8,2,0,100,73.7,57.3,85.8,49.2,0
2141,Tamil Nadu,Cuddalore West,SHRI. K.B.R.NAIDU,A,71.4,1,6,14,0,7,1,100,73.7,66.0,24.7,78.2,100
2142,Tamil Nadu,Dharmapuri,SHRI. IVAN DSOUZA,B,62.4,1,6,24,0,2,0,100,73.7,81.3,24.7,49.2,0
2143,Tamil Nadu,Dindugal Corporation,Shri Venugopal Rao Harkara,B,61.8,1,6,13,1,1,0,100,73.7,63.3,55.7,41.6,0
2144,Tamil Nadu,Dindugal East,Shri Venugopal Rao Harkara,B,53.4,1,6,11,0,0,0,100,73.7,57.3,24.7,18.8,0
2145,Tamil Nadu,Dindugal West,Shri Venugopal Rao Harkara,B,52.8,1,6,8,0,1,0,100,73.7,45.9,24.7,41.6,0
2146,Tamil Nadu,Erode Corporation,SHRI. J.R.LOBO,B,64.6,1,6,23,0,6,0,100,73.7,80.2,24.7,74.2,0
2147,Tamil Nadu,Erode North,SHRI. J.R.LOBO,B,50.5,1,3,18,0,3,0,100,30.8,74.2,24.7,55.8,0
2148,Tamil Nadu,Erode South,SHRI. J.R.LOBO,B,61.9,1,4,15,0,4,4,100,38.9,68.7,24.7,62.7,100
2149,Tamil Nadu,Kallakurichi,SHRI. AMIT VIJ,A,88.2,1,6,30,13,18,18,100,73.7,86.1,92.1,94.4,100
2150,Tamil Nadu,Kanchipuram,SHRI RAGHU SHARMA,B,55.3,1,6,4,2,3,0,100,73.7,26.4,64.8,55.8,0
2151,Tamil Nadu,Kanyakumari Corporation,SHRI. ANIL BOSE,B,53.5,1,6,1,1,7,0,100,73.7,15.5,55.7,78.2,0
2152,Tamil Nadu,Kanyakumari East,SHRI. ANIL BOSE,B,48.8,1,6,1,0,7,0,100,73.7,15.5,24.7,78.2,0
2153,Tamil Nadu,Kanyakumari West,SHRI. ANIL BOSE,B,54.1,1,6,1,1,9,0,100,73.7,15.5,55.7,84.0,0
2154,Tamil Nadu,Karur,SHRI SHAKIR SANADI,C,43.0,1,5,5,0,2,0,100,46.3,31.3,24.7,49.2,0
2155,Tamil Nadu,Krishnagiri East,SHRI RIZWAN ARSHAD,B,45.8,1,4,9,0,2,0,100,38.9,49.8,24.7,49.2,0
2156,Tamil Nadu,Krishnagiri West,SHRI RIZWAN ARSHAD,B,48.8,1,4,10,0,5,0,100,38.9,53.7,24.7,69.3,0
2157,Tamil Nadu,Madurai North,SHRI. ARUN YADAV,B,61.7,1,6,15,0,6,0,100,73.7,68.7,24.7,74.2,0
2158,Tamil Nadu,Madurai South,SHRI. AZMATULLAH HUSAINI,B,50.5,1,6,8,0,0,0,100,73.7,45.9,24.7,18.8,0
2159,Tamil Nadu,Madurai Corporation,SHRI. ARUN YADAV,B,67.9,1,6,36,0,9,0,100,73.7,89.4,24.7,84.0,0
2160,Tamil Nadu,Mayiladuthurai,SHRI. SARAT PATNAIK,B,65.2,1,6,14,2,3,0,100,73.7,66.0,64.8,55.8,0
2161,Tamil Nadu,Nagapattinam,SHRI. SARAT PATNAIK,B,65.2,1,6,13,2,4,0,100,73.7,63.3,64.8,62.7,0
2162,Tamil Nadu,Namakkal East,SHRI. BELLAIAH NAIK,B,59.7,1,4,24,2,2,0,100,38.9,81.3,64.8,49.2,0
2163,Tamil Nadu,Namakkal West,SHRI. BELLAIAH NAIK,B,56.8,1,4,17,2,1,0,100,38.9,73.0,64.8,41.6,0
2164,Tamil Nadu,Nilgiris,SMT. REHANAA CHISTI EX.CHAIRMAN MAHILA AYOG,B,57.5,1,6,7,1,3,0,100,73.7,40.5,55.7,55.8,0
2165,Tamil Nadu,North Chennai East,SHRI RC KHUNTIA,B,66.5,1,6,6,17,36,0,100,73.7,35.8,95.1,98.4,0
2166,Tamil Nadu,Northchennai West,SHRI RC KHUNTIA,B,48.3,0,6,4,10,215,0,0,73.7,26.4,88.3,99.9,0
2167,Tamil Nadu,Perambalur,SHRI. SHARAT BACCHEGOWDA,B,58.8,1,6,6,5,2,0,100,73.7,35.8,76.7,49.2,0
2168,Tamil Nadu,Pudukottai North,SMT. PUSHPA AMARNATH,B,54.4,1,3,7,0,7,3,100,30.8,40.5,24.7,78.2,100
2169,Tamil Nadu,Pudukottai South,SMT. PUSHPA AMARNATH,B,64.2,1,6,7,0,5,1,100,73.7,40.5,24.7,69.3,100
2170,Tamil Nadu,Ramnathapuram,SHRI. JAIPRAKASH HEGDE,C,22.6,0,2,5,0,2,0,0,24.4,31.3,24.7,49.2,0
2171,Tamil Nadu,Ranipet,SHRI. J. D. SEELAM,A,83.6,1,6,38,6,3,5,100,73.7,90.1,80.7,55.8,100
2172,Tamil Nadu,Salem East,SHRI. BALMOORI VENKAT,A,74.7,1,6,74,6,2,0,100,73.7,96.9,80.7,49.2,0
2173,Tamil Nadu,Salem West,MS SHOBHA OZA,B,60.2,1,4,16,6,3,0,100,38.9,71.0,80.7,55.8,0
2174,Tamil Nadu,Salem Corporation,MS SHOBHA OZA,B,61.3,1,5,14,7,3,0,100,46.3,66.0,84.1,55.8,0
2175,Tamil Nadu,Sivagangai,SHRI. NILESH CHATURVEDI,A,76.1,1,6,50,0,3,2,100,73.7,93.7,24.7,55.8,100
2176,Tamil Nadu,South Chennai East,SHRI SALEEM AHMAD,B,54.2,1,6,7,0,5,0,100,73.7,40.5,24.7,69.3,0
2177,Tamil Nadu,South Chennai West,SHRI RAGHU SHARMA,B,56.0,1,6,4,2,4,0,100,73.7,26.4,64.8,62.7,0
2178,Tamil Nadu,South Chennai Central,SHRI SALEEM AHMAD,C,41.8,1,4,5,0,3,0,100,38.9,31.3,24.7,55.8,0
2179,Tamil Nadu,Tenkasi,SHRI. H. S. LUCKY,B,56.8,1,6,10,0,4,0,100,73.7,53.7,24.7,62.7,0
2180,Tamil Nadu,Thanjavur Corporation,DR. NARESH KUMAR,B,63.8,1,6,20,0,6,0,100,73.7,76.9,24.7,74.2,0
2181,Tamil Nadu,Thanjavur North,DR. NARESH KUMAR,B,68.6,1,6,43,0,9,0,100,73.7,92.3,24.7,84.0,0
2182,Tamil Nadu,Thanjavur South,DR. NARESH KUMAR,B,54.0,1,4,16,0,7,0,100,38.9,71.0,24.7,78.2,0
2183,Tamil Nadu,Theni,SHRI. AZMATULLAH HUSAINI,B,53.4,1,6,11,0,0,0,100,73.7,57.3,24.7,18.8,0
2184,Tamil Nadu,Thiruvallur North,SHRI B. M. SANDEEP,A,75.5,1,6,19,10,38,0,100,73.7,75.8,88.3,98.6,0
2185,Tamil Nadu,Thiruvallur South,SHRI B. M. SANDEEP,B,62.8,1,6,7,2,19,0,100,73.7,40.5,64.8,95.0,0
2186,Tamil Nadu,Thiruvannamalai North,SHRI M NARAYAN SWAMY,B,45.7,1,3,12,0,1,0,100,30.8,60.6,24.7,41.6,0
2187,Tamil Nadu,Thiruvannamalai South,SHRI M NARAYAN SWAMY,B,56.4,1,6,12,0,1,0,100,73.7,60.6,24.7,41.6,0
2188,Tamil Nadu,Thoothukudi Corporation,SHRI. VIJAY SINGH,B,64.6,1,3,12,1,9,1,100,30.8,60.6,55.7,84.0,100
2189,Tamil Nadu,Thoothukudi North,SHRI. VIJAY SINGH,B,57.8,1,4,16,2,3,0,100,38.9,71.0,64.8,55.8,0
2190,Tamil Nadu,Thoothukudi South,SHRI. VIJAY SINGH,B,54.0,1,4,8,2,8,0,100,38.9,45.9,64.8,81.2,0
2191,Tamil Nadu,Tirunelveli East,SHRI. SRINIVAS MANE,B,45.8,1,4,6,0,9,0,100,38.9,35.8,24.7,84.0,0
2192,Tamil Nadu,Tirunelveli Corporation,SHRI. SRINIVAS MANE,C,40.1,1,2,5,0,6,0,100,24.4,31.3,24.7,74.2,0
2193,Tamil Nadu,Tirupattur,DR. C.VAMSHI KRISHNA,A,79.0,1,6,18,1,10,5,100,73.7,74.2,55.7,86.7,100
2194,Tamil Nadu,Tiruppur Corporation,SHRI ASHOK TANWAR,B,60.3,1,6,11,0,11,0,100,73.7,57.3,24.7,88.8,0
2195,Tamil Nadu,Tiruppur North,SHRI ASHOK TANWAR,B,59.2,1,6,10,0,10,0,100,73.7,53.7,24.7,86.7,0
2196,Tamil Nadu,Tiruppur South,SHRI ASHOK TANWAR,B,55.4,1,6,7,0,8,0,100,73.7,40.5,24.7,81.2,0
2197,Tamil Nadu,Tiruvarur,SHRI PRAFULLA GUDADHE,B,59.1,1,4,22,1,4,0,100,38.9,79.1,55.7,62.7,0
2198,Tamil Nadu,Trichy Corporation,SHRI VIJAY INDER SINGLA,D,18.1,0,0,0,6,0,0,0,9.7,6.8,80.7,18.8,0
2199,Tamil Nadu,Trichy North,SHRI VIJAY INDER SINGLA,D,18.6,0,0,0,7,0,0,0,9.7,6.8,84.1,18.8,0
2200,Tamil Nadu,Trichy South,SHRI SHAKIR SANADI,C,40.6,1,4,4,0,3,0,100,38.9,26.4,24.7,55.8,0
2201,Tamil Nadu,Vellore Central,SHRI. MADHU YASHKI GOUD,A,80.1,1,6,40,1,3,2,100,73.7,90.9,55.7,55.8,100
2202,Tamil Nadu,Vellore Corporation,SHRI. MADHU YASHKI GOUD,B,68.2,1,6,30,1,2,0,100,73.7,86.1,55.7,49.2,0
2203,Tamil Nadu,Villupuram Central,SHRI. BALMOORI VENKAT,A,74.2,1,6,84,1,8,0,100,73.7,97.2,55.7,81.2,0
2204,Tamil Nadu,Villupuram North,SHRI. BALMOORI VENKAT,B,63.7,1,5,100,0,11,0,100,46.3,98.4,24.7,88.8,0
2205,Tamil Nadu,Virudhunagar East,SHRI BISHWARANJAN MOHANTHY,A,80.4,1,6,91,9,19,0,100,73.7,98.1,86.7,95.0,0
2206,Tamil Nadu,Virudhunagar West,SHRI BISHWARANJAN MOHANTHY,A,76.8,1,6,80,2,17,0,100,73.7,97.0,64.8,94.0,0
2207,Himachal Pradesh,Shimla (U),SMT. SANJANA JATAV,B,59.0,1,6,3,0,4,2,100,73.7,22.5,24.7,62.7,100
2208,Nagaland,Kohima,SHRI LALJI DESAI,B,45.0,1,1,8,1,2,0,100,20.9,45.9,55.7,49.2,0
2209,Nagaland,Dimapur,DR. VIJAY LAKSHMI SADHO,B,47.0,1,1,14,1,0,0,100,20.9,66.0,55.7,18.8,0
2210,Nagaland,Peren,SHRI VICTOR KEISHING,C,34.7,1,1,4,0,1,0,100,20.9,26.4,24.7,41.6,0
2211,Nagaland,Phek,SHRI BISHWARANJAN MOHANTHY,B,57.9,1,1,24,3,5,0,100,20.9,81.3,69.0,69.3,0
2212,Nagaland,Zunheboto,SHRI BISHWARANJAN MOHANTHY,B,60.2,1,1,33,4,5,0,100,20.9,88.3,72.6,69.3,0
2213,Nagaland,Wokha,SHRI INDRAVIJAYSINH GOHIL,C,30.6,1,1,2,0,0,0,100,20.9,19.0,24.7,18.8,0
2214,Nagaland,Mon,SHRI RAHUL BAL,A,73.1,1,3,21,39,4,5,100,30.8,77.8,98.1,62.7,100
2215,Nagaland,Longleng,SHRI. BALMOORI VENKAT,B,52.6,1,2,6,1,1,1,100,24.4,35.8,55.7,41.6,100
2216,Nagaland,Tuensang,SHRI. BALMOORI VENKAT,B,45.7,1,2,11,1,0,0,100,24.4,57.3,55.7,18.8,0
2217,Nagaland,Mokokchung,SHRI. K.B.R.NAIDU,B,69.5,1,4,39,0,9,1,100,38.9,90.5,24.7,84.0,100
2218,Nagaland,Kiphire,SHRI. IVAN DSOUZA,C,40.6,1,1,7,1,0,0,100,20.9,40.5,55.7,18.8,0
2219,Nagaland,Noklak,SHRI. IVAN DSOUZA,C,37.1,1,1,4,1,0,0,100,20.9,26.4,55.7,18.8,0
2220,Manipur,Imphal East,SHRI SARAT RAUT,B,63.5,1,6,11,1,6,0,100,73.7,57.3,55.7,74.2,0
2221,Manipur,Sawombung,SHRI SARAT RAUT,B,54.6,1,5,10,1,4,0,100,46.3,53.7,55.7,62.7,0
2222,Manipur,Thoubal,SHRI. AJAY KUMAR LALLU,B,51.9,1,4,15,0,4,0,100,38.9,68.7,24.7,62.7,0
2223,Manipur,City District,SHRI GIDUGU RUDRA RAJU,B,62.7,1,6,11,9,0,0,100,73.7,57.3,86.7,18.8,0
2224,Manipur,Senapati,SHRI. H. S. LUCKY,C,43.9,1,1,13,0,1,0,100,20.9,63.3,24.7,41.6,0
2225,Manipur,Ukhrul,SHRI. H. S. LUCKY,C,40.4,1,2,8,0,1,0,100,24.4,45.9,24.7,41.6,0
2226,Manipur,Kakching,SHRI PRAFULLA GUDADHE,C,41.8,1,2,12,0,0,0,100,24.4,60.6,24.7,18.8,0
2227,Manipur,Chandel,SHRI PRAFULLA GUDADHE,C,40.7,1,3,9,0,0,0,100,30.8,49.8,24.7,18.8,0
2228,Manipur,Imphal West-I,DR PALAK VERMA,B,54.6,1,2,17,3,2,0,100,24.4,73.0,69.0,49.2,0
2229,Manipur,Imphal West-II,DR PALAK VERMA,B,67.6,1,1,19,5,5,3,100,20.9,75.8,76.7,69.3,100
2230,Manipur,Tamenglong,SHRI. YOGESH H.C,C,43.6,1,4,3,1,2,0,100,38.9,22.5,55.7,49.2,0
2231,Manipur,Sadar Hills,SHRI. YOGESH H.C,C,36.5,1,4,1,0,1,0,100,38.9,15.5,24.7,41.6,0
2232,Manipur,Bishnupur,SHRI. AZMATULLAH HUSAINI,B,50.5,1,4,14,0,3,0,100,38.9,66.0,24.7,55.8,0
2233,Manipur,Churachandpur,Shri Venugopal Rao Harkara,B,66.1,1,3,21,1,3,2,100,30.8,77.8,55.7,55.8,100
2234,Meghalaya,West Jaintia Hill,MS KIM HAOKIP,C,41.7,1,3,10,0,0,0,100,30.8,53.7,24.7,18.8,0
2235,Meghalaya,East Jaintia Hill,MS KIM HAOKIP,C,34.9,1,3,4,0,0,0,100,30.8,26.4,24.7,18.8,0
2236,Meghalaya,Ri Bhoi,SHRI. J.R.LOBO,C,30.2,0,1,9,1,1,0,0,20.9,49.8,55.7,41.6,0
2237,Meghalaya,Shillong City,SHRI NADEEM JAVED,C,43.8,1,3,9,0,2,0,100,30.8,49.8,24.7,49.2,0
2238,Meghalaya,East Khasi Hills,SHRI. SAUMYA REDDY,C,29.6,0,5,9,0,0,0,0,46.3,49.8,24.7,18.8,0
2239,Meghalaya,West khasi Hills,SHRI SACHIN NAIK,B,47.6,0,4,8,5,2,4,0,38.9,45.9,76.7,49.2,100
2240,Meghalaya,South West Khasi Hills,SHRI SACHIN NAIK,C,44.6,1,2,5,5,1,0,100,24.4,31.3,76.7,41.6,0
2241,Meghalaya,Eastern West Khasi Hills,SHRI DANISH ABRAR,B,55.4,1,5,17,0,5,0,100,46.3,73.0,24.7,69.3,0
2242,Meghalaya,West Garo hills,SHRI. BELLAIAH NAIK,C,41.5,1,2,7,1,0,0,100,24.4,40.5,55.7,18.8,0
2243,Meghalaya,North Garo Hills,SHRI MANISH YADAV,C,39.7,1,3,0,1,5,0,100,30.8,6.8,55.7,69.3,0
2244,Meghalaya,East Garo hills,SHRI MANISH YADAV,C,38.1,1,2,0,1,5,0,100,24.4,6.8,55.7,69.3,0
2245,Meghalaya,Tura City,SMT TILOTAMA LOITONGBAM,B,48.0,1,1,5,0,4,1,100,20.9,31.3,24.7,62.7,100
2246,Meghalaya,South Garo Hills,SHRI AMIR HUSSAIN KHUTHEIBAM,B,48.7,1,5,8,0,5,0,100,46.3,45.9,24.7,69.3,0
2247,Meghalaya,South West Garo Hills,SHRI AMIR HUSSAIN KHUTHEIBAM,B,46.1,1,3,10,0,4,0,100,30.8,53.7,24.7,62.7,0
2248,Goa,South Goa,SHRI N RAGUVEERA REDDY,A,78.7,1,6,14,13,2,1,100,73.7,66.0,92.1,49.2,100
2249,Goa,Kushavati,SHRI VIJAY INDER SINGLA,C,37.9,1,2,0,10,0,0,100,24.4,6.8,88.3,18.8,0
2250,Goa,Mhadei,SHRI RC KHUNTIA,B,45.4,1,3,9,1,0,0,100,30.8,49.8,55.7,18.8,0
2251,Goa,North Goa,MS SHOBHA OZA,A,70.7,1,4,14,28,2,1,100,38.9,66.0,97.2,49.2,100
2252,Bihar,Paschlm Champaran,SHRI NILANSHU CHATURVEDI,B,50.2,0,6,9,5,7,0,0,73.7,49.8,76.7,78.2,0
2253,Bihar,Purvi Champaran,"SHRI HIMMAT SINGH PATEL, EX. MLA",B,59.9,1,4,43,0,9,0,100,38.9,92.3,24.7,84.0,0
2254,Bihar,Sheohar,SHRI. SANJAY CHHOKAR,B,51.0,1,6,6,0,2,0,100,73.7,35.8,24.7,49.2,0
2255,Bihar,Sitamarhi,SHRI. SANJAY CHHOKAR,B,59.0,1,6,16,0,1,0,100,73.7,71.0,24.7,41.6,0
2256,Bihar,Madhubaini,SHRI AHKILESH SHUKLA,A,75.0,1,6,41,26,1,0,100,73.7,91.4,97.0,41.6,0
2257,Bihar,Supaul,SHRI VINOD SULTANPURI,D,19.2,0,4,1,0,0,0,0,38.9,15.5,24.7,18.8,0
2258,Bihar,Saharsa,SHRI VINOD SULTANPURI,D,19.3,0,4,0,0,1,0,0,38.9,6.8,24.7,41.6,0
2259,Bihar,Araria,SHRI. AFTAB AHMED,B,45.6,1,6,4,0,0,0,100,73.7,26.4,24.7,18.8,0
2260,Bihar,Kishanganj,SHRI. AFTAB AHMED,B,51.7,1,7,4,0,0,0,100,98.2,26.4,24.7,18.8,0
2261,Bihar,Purnia,SHRI. SANJAY KAPOOR,A,82.8,1,6,23,5,7,4,100,73.7,80.2,76.7,78.2,100
2262,Bihar,Madhepur,SHRI. SANJAY KAPOOR,B,66.3,1,6,15,5,1,0,100,73.7,68.7,76.7,41.6,0
2263,Bihar,Katihar,SHRI. ARUN YADAV,B,66.8,1,6,34,0,6,0,100,73.7,89.0,24.7,74.2,0
2264,Bihar,Darbhanga,"SMT. SANGEETA BENIWAL, EX. MP CANDIDATE",C,38.4,1,3,7,0,0,0,100,30.8,40.5,24.7,18.8,0
2265,Bihar,Muzzafarpur,SHRI MANAS CHAUDHARY,A,83.1,1,6,28,21,1,1,100,73.7,84.2,96.1,41.6,100
2266,Bihar,Gopalganj,SHRI MAQSOOD KHAN,A,78.0,1,6,27,0,55,2,100,73.7,83.4,24.7,99.6,100
2267,Bihar,Siwan,SHRI MALENDRA RAJAN,A,70.3,1,6,25,6,1,0,100,73.7,82.3,80.7,41.6,0
2268,Bihar,Saran,SHRI SATYANARAYAN PATEL,C,27.3,0,5,7,0,0,0,0,46.3,40.5,24.7,18.8,0
2269,Bihar,Vaishali,DR. RAGINI NAYAK,A,74.8,1,6,22,13,7,0,100,73.7,79.1,92.1,78.2,0
2270,Bihar,Samastipur,SHRI. ABDUL HANNAN,B,62.3,1,6,19,0,4,0,100,73.7,75.8,24.7,62.7,0
2271,Bihar,Begusarai,SHRI MAMAN KHAN,B,65.6,1,5,7,7,4,11,100,46.3,40.5,84.1,62.7,100
2272,Bihar,Khagaria,"SHRI RAO DAN SINGH, EX. MINISTER",B,51.5,1,6,5,1,0,0,100,73.7,31.3,55.7,18.8,0
2273,Bihar,Munger,"SHRI RAO DAN SINGH, EX. MINISTER",B,51.5,1,6,5,1,0,0,100,73.7,31.3,55.7,18.8,0
2274,Bihar,Bhagalpur,SHRI DEBASIS PATNAIK,B,51.8,1,6,3,4,0,0,100,73.7,22.5,72.6,18.8,0
2275,Bihar,Banka,SHRI DEBASIS PATNAIK,C,43.6,1,5,2,3,0,0,100,46.3,19.0,69.0,18.8,0
2276,Bihar,Lakhisarai,SMT. SHAMINA SHAFIQ,C,35.5,0,6,8,0,0,0,0,73.7,45.9,24.7,18.8,0
2277,Bihar,Jamui,SMT. SHAMINA SHAFIQ,C,41.8,0,6,16,0,0,0,0,73.7,71.0,24.7,18.8,0
2278,Bihar,Nalanda,SHRI. RANVIJAY SINGH LOCHAV,B,50.2,1,6,6,0,1,0,100,73.7,35.8,24.7,41.6,0
2279,Bihar,Patna Rural 2,"SHRI BHAJAN LAL JATAV, MP",B,51.1,1,5,6,12,0,0,100,46.3,35.8,91.2,18.8,0
2280,Bihar,Patna Urban,"SHRI ASHOK SINGH, MP",B,52.4,1,6,10,0,0,0,100,73.7,53.7,24.7,18.8,0
2281,Bihar,Patna Rural 1,"SHRI ASHOK SINGH, MP",C,41.1,1,5,6,0,0,0,100,46.3,35.8,24.7,18.8,0
2282,Bihar,Bhojpur,MS. AMBA PRASAD,A,71.7,1,3,20,52,2,5,100,30.8,76.9,99.1,49.2,100
2283,Bihar,Buxar,SHRI RAJESH RATHORE,D,18.7,0,3,0,0,3,0,0,30.8,6.8,24.7,55.8,0
2284,Bihar,Kaimur,SHRI RAJESH RATHORE,C,22.6,0,5,0,0,3,0,0,46.3,6.8,24.7,55.8,0
2285,Bihar,Rohtas,MS. SHWETA SINGH,C,42.0,1,3,8,0,1,0,100,30.8,45.9,24.7,41.6,0
2286,Bihar,Arwal,SMT. NEETU VERMA,B,69.5,1,6,19,9,1,0,100,73.7,75.8,86.7,41.6,0
2287,Bihar,Jahanabad,SMT. NEETU VERMA,A,74.8,1,6,38,7,4,0,100,73.7,90.1,84.1,62.7,0
2288,Bihar,Aurangabad,SHRI RAJESH THAKUR,B,59.3,1,6,24,0,0,0,100,73.7,81.3,24.7,18.8,0
2289,Bihar,Gaya,SHRI YOGESH DIKSHIT,A,82.2,1,6,33,2,5,1,100,73.7,88.3,64.8,69.3,100
2290,Bihar,Nawada,SHRI JAISHANKAR PATHAK,B,54.2,1,6,12,0,0,0,100,73.7,60.6,24.7,18.8,0
2291,Bihar,Sheikhpur,SHRI JAISHANKAR PATHAK,C,38.2,1,4,5,0,0,0,100,38.9,31.3,24.7,18.8,0
2292,Maharashtra,Sindhudurg,SHRI DANISH ABRAR,D,9.7,0,0,0,0,0,0,0,9.7,6.8,24.7,18.8,0
2293,Maharashtra,Ratnagiri South,SHRI DANISH ABRAR,D,9.7,0,0,0,0,0,0,0,9.7,6.8,24.7,18.8,0
2294,Maharashtra,Ratnagiri North,SHRI DANISH ABRAR,D,9.7,0,0,0,0,0,0,0,9.7,6.8,24.7,18.8,0
2295,Maharashtra,Raigad North,DR. RAGINI NAYAK,D,11.9,0,0,1,0,0,0,0,9.7,15.5,24.7,18.8,0
2296,Maharashtra,Raigad South,DR. RAGINI NAYAK,D,11.9,0,0,1,0,0,0,0,9.7,15.5,24.7,18.8,0
2297,Maharashtra,Panvel,DR. RAGINI NAYAK,D,9.7,0,0,0,0,0,0,0,9.7,6.8,24.7,18.8,0
2298,Maharashtra,Kalyan City,DR PALAK VERMA,D,13.6,0,0,3,0,0,0,0,9.7,22.5,24.7,18.8,0
2299,Maharashtra,Dombiwali,DR PALAK VERMA,D,13.6,0,0,3,0,0,0,0,9.7,22.5,24.7,18.8,0
2300,Maharashtra,Ulhasnagar,DR PALAK VERMA,D,9.7,0,0,0,0,0,0,0,9.7,6.8,24.7,18.8,0
2301,Maharashtra,Thane City,SHRI NADEEM JAVED,D,9.7,0,0,0,0,0,0,0,9.7,6.8,24.7,18.8,0
2302,Maharashtra,Navi Mumbai,SHRI NADEEM JAVED,D,9.7,0,0,0,0,0,0,0,9.7,6.8,24.7,18.8,0
2303,Maharashtra,Vasai Virar,SHRI. BELLAIAH NAIK,D,9.7,0,0,0,0,0,0,0,9.7,6.8,24.7,18.8,0
2304,Maharashtra,Palghar,SHRI. BELLAIAH NAIK,D,9.7,0,0,0,0,0,0,0,9.7,6.8,24.7,18.8,0
2305,Maharashtra,Mira Bhayandar City,SHRI. BELLAIAH NAIK,D,9.7,0,0,0,0,0,0,0,9.7,6.8,24.7,18.8,0
2306,Maharashtra,Thane Rural,SHRI MAMAN KHAN,C,37.0,1,0,3,6,0,0,100,9.7,22.5,80.7,18.8,0
2307,Maharashtra,Bhiwandi City,SHRI MAMAN KHAN,B,45.0,1,0,2,4,0,5,100,9.7,19.0,72.6,18.8,100
2308,Maharashtra,Nashik City,SHRI MAQSOOD KHAN,D,12.8,0,0,2,0,0,0,0,9.7,19.0,24.7,18.8,0
2309,Maharashtra,Nashik Rural South,SHRI MAQSOOD KHAN,D,11.9,0,0,1,0,0,0,0,9.7,15.5,24.7,18.8,0
2310,Maharashtra,Nashik Rural North,SMT. SHAMINA SHAFIQ,D,14.6,0,0,4,0,0,0,0,9.7,26.4,24.7,18.8,0
2311,Maharashtra,Malegaon City,SMT. SHAMINA SHAFIQ,D,9.7,0,0,0,0,0,0,0,9.7,6.8,24.7,18.8,0
2312,Maharashtra,Dhule Rural,SHRI YOGESH DIKSHIT,D,9.7,0,0,0,0,0,0,0,9.7,6.8,24.7,18.8,0
2313,Maharashtra,Dhule City,SHRI YOGESH DIKSHIT,D,9.7,0,0,0,0,0,0,0,9.7,6.8,24.7,18.8,0
2314,Maharashtra,Nandurbar,SHRI AHKILESH SHUKLA,D,9.7,0,0,0,0,0,0,0,9.7,6.8,24.7,18.8,0
2315,Maharashtra,Ahilyanagar Rural,SHRI SARAT RAUT,C,24.5,0,0,14,0,0,0,0,9.7,66.0,24.7,18.8,0
2316,Maharashtra,Ahilyanagar City,SHRI SARAT RAUT,D,11.9,0,0,1,0,0,0,0,9.7,15.5,24.7,18.8,0
2317,Maharashtra,Shirdi,SHRI RAJESH THAKUR,D,19.5,0,0,8,0,0,0,0,9.7,45.9,24.7,18.8,0
2318,Maharashtra,Jalgaon Rural,SHRI PRAMOD KUMAR,D,13.6,0,0,3,0,0,0,0,9.7,22.5,24.7,18.8,0
2319,Maharashtra,Jalgaon City,SHRI PRAMOD KUMAR,D,11.9,0,0,1,0,0,0,0,9.7,15.5,24.7,18.8,0
2320,Maharashtra,Raver,SHRI PRAMOD KUMAR,C,24.5,0,0,14,0,0,0,0,9.7,66.0,24.7,18.8,0
2321,Maharashtra,Buldhana,SHRI. ABDUL HANNAN,C,27.0,0,0,19,0,0,0,0,9.7,75.8,24.7,18.8,0
2322,Maharashtra,Washim,SHRI GIDUGU RUDRA RAJU,D,9.7,0,0,0,0,0,0,0,9.7,6.8,24.7,18.8,0
2323,Maharashtra,Akola Rural,SHRI GIDUGU RUDRA RAJU,D,9.7,0,0,0,0,0,0,0,9.7,6.8,24.7,18.8,0
2324,Maharashtra,Akola City,SHRI GIDUGU RUDRA RAJU,D,9.7,0,0,0,0,0,0,0,9.7,6.8,24.7,18.8,0
2325,Maharashtra,Yavatmal,SHRI. SANJAY KAPOOR,C,32.6,0,0,11,14,0,0,0,9.7,57.3,93.1,18.8,0
2326,Maharashtra,Amravati Rural,SHRI. AFTAB AHMED,D,9.7,0,0,0,0,0,0,0,9.7,6.8,24.7,18.8,0
2327,Maharashtra,Amravati City,SHRI. AFTAB AHMED,D,9.7,0,0,0,0,0,0,0,9.7,6.8,24.7,18.8,0
2328,Maharashtra,Wardha,MS. SHWETA SINGH,D,11.9,0,0,1,0,0,0,0,9.7,15.5,24.7,18.8,0
2329,Maharashtra,Nagpur Rural,"SHRI RAO DAN SINGH, EX. MINISTER",D,9.7,0,0,0,0,0,0,0,9.7,6.8,24.7,18.8,0
2330,Maharashtra,Nagpur City,SHRI. ARUN YADAV,D,9.7,0,0,0,0,0,0,0,9.7,6.8,24.7,18.8,0
2331,Maharashtra,Bhandara,"SMT. SANGEETA BENIWAL, EX. MP CANDIDATE",D,14.6,0,0,4,0,0,0,0,9.7,26.4,24.7,18.8,0
2332,Maharashtra,Gondia,"SMT. SANGEETA BENIWAL, EX. MP CANDIDATE",D,13.6,0,0,3,0,0,0,0,9.7,22.5,24.7,18.8,0
2333,Maharashtra,Gadchiroli,SHRI MANISH YADAV,D,9.7,0,0,0,0,0,0,0,9.7,6.8,24.7,18.8,0
2334,Maharashtra,Chandrapur Rural,SHRI SANTOSH KOLKUNDA,C,38.6,0,0,10,0,12,1,0,9.7,53.7,24.7,90.3,100
2335,Maharashtra,Chandrapur City,SHRI SANTOSH KOLKUNDA,D,17.8,0,0,2,0,5,0,0,9.7,19.0,24.7,69.3,0
2336,Maharashtra,Hingoli,SHRI. SANJAY CHHOKAR,D,18.1,0,0,7,0,0,0,0,9.7,40.5,24.7,18.8,0
2337,Maharashtra,Jalna Rural,"SHRI HIMMAT SINGH PATEL, EX. MLA",D,9.7,0,0,0,0,0,0,0,9.7,6.8,24.7,18.8,0
2338,Maharashtra,Jalna City,"SHRI HIMMAT SINGH PATEL, EX. MLA",D,9.7,0,0,0,0,0,0,0,9.7,6.8,24.7,18.8,0
2339,Maharashtra,Parbhani Rural,SHRI. AZMATULLAH HUSAINI,D,11.9,0,0,1,0,0,0,0,9.7,15.5,24.7,18.8,0
2340,Maharashtra,Parbhani City,SHRI. AZMATULLAH HUSAINI,D,12.8,0,0,2,0,0,0,0,9.7,19.0,24.7,18.8,0
2341,Maharashtra,Chatrapati Sambhaji Nagar City,SHRI VIVEK BANSAL,D,9.7,0,0,0,0,0,0,0,9.7,6.8,24.7,18.8,0
2342,Maharashtra,Chatrapati Sambhaji Nagar Rural,SHRI VIVEK BANSAL,D,9.7,0,0,0,0,0,0,0,9.7,6.8,24.7,18.8,0
2343,Maharashtra,Dharashiv,SHRI RAJESH TIWARI,D,9.7,0,0,0,0,0,0,0,9.7,6.8,24.7,18.8,0
2344,Maharashtra,Beed,SMT. NEETU VERMA,C,23.2,0,0,12,0,0,0,0,9.7,60.6,24.7,18.8,0
2345,Maharashtra,Nanded City,Shri Venugopal Rao Harkara,D,9.7,0,0,0,0,0,0,0,9.7,6.8,24.7,18.8,0
2346,Maharashtra,Nanded South Rural,Shri Venugopal Rao Harkara,D,9.7,0,0,0,0,0,0,0,9.7,6.8,24.7,18.8,0
2347,Maharashtra,Nanded North Rural,Shri Venugopal Rao Harkara,D,9.7,0,0,0,0,0,0,0,9.7,6.8,24.7,18.8,0
2348,Maharashtra,Latur Rural,SHRI. H. S. LUCKY,C,22.0,0,0,3,6,0,0,0,9.7,22.5,80.7,18.8,0
2349,Maharashtra,Latur City,SHRI. H. S. LUCKY,D,13.6,0,0,3,0,0,0,0,9.7,22.5,24.7,18.8,0
2350,Maharashtra,Solapur Rural,SHRI DEBASIS PATNAIK,D,12.8,0,0,2,0,0,0,0,9.7,19.0,24.7,18.8,0
2351,Maharashtra,Madha (Solapur),SHRI DEBASIS PATNAIK,D,9.7,0,0,0,0,0,0,0,9.7,6.8,24.7,18.8,0
2352,Maharashtra,Solapur City,SHRI DEBASIS PATNAIK,D,12.8,0,0,2,0,0,0,0,9.7,19.0,24.7,18.8,0
2353,Maharashtra,Sangli Rural,SHRI THOTA LAXMIKANT RAO,D,9.7,0,0,0,0,0,0,0,9.7,6.8,24.7,18.8,0
2354,Maharashtra,Sangli-Miraj-Kupwad City,SHRI THOTA LAXMIKANT RAO,D,9.7,0,0,0,0,0,0,0,9.7,6.8,24.7,18.8,0
2355,Maharashtra,Kolhapur Rural,SHRI JAISHANKAR PATHAK,D,9.7,0,0,0,0,0,0,0,9.7,6.8,24.7,18.8,0
2356,Maharashtra,Ichalkaranji,SHRI JAISHANKAR PATHAK,D,9.7,0,0,0,0,0,0,0,9.7,6.8,24.7,18.8,0
2357,Maharashtra,Kolhapur City,SHRI JAISHANKAR PATHAK,D,9.7,0,0,0,0,0,0,0,9.7,6.8,24.7,18.8,0
2358,Maharashtra,Satara,SHRI MALENDRA RAJAN,D,12.8,0,0,2,0,0,0,0,9.7,19.0,24.7,18.8,0
2359,Maharashtra,Pune Rural,SHRI. YOGESH H.C,D,9.7,0,0,0,0,0,0,0,9.7,6.8,24.7,18.8,0
2360,Maharashtra,Pune Rural Baramati,SHRI. YOGESH H.C,D,9.7,0,0,0,0,0,0,0,9.7,6.8,24.7,18.8,0
2361,Maharashtra,Pune City East,SHRI VINOD SULTANPURI,D,9.7,0,0,0,0,0,0,0,9.7,6.8,24.7,18.8,0
2362,Maharashtra,Pune City West,SHRI VINOD SULTANPURI,D,9.7,0,0,0,0,0,0,0,9.7,6.8,24.7,18.8,0
2363,Maharashtra,Pimpri-Chinchwad,SHRI VINOD SULTANPURI,D,9.7,0,0,0,0,0,0,0,9.7,6.8,24.7,18.8,0
2364,Delhi,Adarsh Nagar,SHRI ASHOK SINGH,D,9.7,0,0,0,0,0,0,0,9.7,6.8,24.7,18.8,0
2365,Delhi,Chandni Chowk,SHRI N RAGUVEERA REDDY,D,9.7,0,0,0,0,0,0,0,9.7,6.8,24.7,18.8,0
2366,Delhi,Karawal Nagar,SHRI SURENDER SHARMA,C,24.5,0,0,14,0,0,0,0,9.7,66.0,24.7,18.8,0
2367,Delhi,Babarpur,SHRI R. C. KHUNTIA,C,21.4,0,0,10,0,0,0,0,9.7,53.7,24.7,18.8,0
2368,Delhi,Patparganj,SHRI. AJAY KUMAR LALLU,C,23.8,0,0,13,0,0,0,0,9.7,63.3,24.7,18.8,0
2369,Delhi,Krishna Nagar,SHRI SUKHDEV PANSE,C,24.2,0,1,10,0,0,0,0,20.9,53.7,24.7,18.8,0
2370,Delhi,Karol Bagh,SHRI VIKAR RASOOL WANI,D,15.8,0,0,5,0,0,0,0,9.7,31.3,24.7,18.8,0
2371,Delhi,New Delhi,SHRI B.K HARIPRASAD,D,9.7,0,0,0,0,0,0,0,9.7,6.8,24.7,18.8,0
2372,Delhi,Rohini,SHRI LALJI DESAI,C,42.9,1,0,11,0,6,0,100,9.7,57.3,24.7,74.2,0
2373,Delhi,Kirari,SHRI SURESH KUMAR,D,9.7,0,0,0,0,0,0,0,9.7,6.8,24.7,18.8,0
2374,Delhi,Tilak Nagar,SHRI VIJAY INDER SINGLA,D,14.4,0,0,0,1,0,0,0,9.7,6.8,55.7,18.8,0
2375,Delhi,Najafgarh,"SHRI BHAJAN LAL JATAV, MP",C,24.5,0,0,14,0,0,0,0,9.7,66.0,24.7,18.8,0
2376,Delhi,Mehrauli,SHRI SURENDER SINGH BAGHEL,B,64.0,1,8,18,0,0,0,100,99.5,74.2,24.7,18.8,0
2377,Delhi,Badarpur,"SHRI GC CHANDRASHEKHAR, MP",D,13.6,0,0,3,0,0,0,0,9.7,22.5,24.7,18.8,0
2378,Arunachal Pradesh,Tawang,SHRI PURANCHAND PADHI,D,13.6,0,0,3,0,0,0,0,9.7,22.5,24.7,18.8,0
2379,Arunachal Pradesh,West Kameng,SHRI PURANCHAND PADHI,C,32.0,1,0,6,0,0,0,100,9.7,35.8,24.7,18.8,0
2380,Arunachal Pradesh,Bichom,SHRI PURANCHAND PADHI,D,12.8,0,0,2,0,0,0,0,9.7,19.0,24.7,18.8,0
2381,Arunachal Pradesh,East Kameng,"SHRI. SHAIK MASTAN WALI, EX. AICC SECRETARY",D,15.8,0,0,5,0,0,0,0,9.7,31.3,24.7,18.8,0
2382,Arunachal Pradesh,Pakke Kessang,"SHRI. SHAIK MASTAN WALI, EX. AICC SECRETARY",D,15.8,0,0,5,0,0,0,0,9.7,31.3,24.7,18.8,0
2383,Arunachal Pradesh,Papum Pare,SHRI BISHWARANJAN MOHANTHY,D,9.7,0,0,0,0,0,0,0,9.7,6.8,24.7,18.8,0
2384,Arunachal Pradesh,Keyi Panyor,SHRI BISHWARANJAN MOHANTHY,D,9.7,0,0,0,0,0,0,0,9.7,6.8,24.7,18.8,0
2385,Arunachal Pradesh,Lower Subansiri,SHRI BISHWARANJAN MOHANTHY,D,9.7,0,0,0,0,0,0,0,9.7,6.8,24.7,18.8,0
2386,Arunachal Pradesh,Kra Daadi,SHRI RAJPAL BISHT,D,11.9,0,0,1,0,0,0,0,9.7,15.5,24.7,18.8,0
2387,Arunachal Pradesh,Kurung Kumey,SHRI RAJPAL BISHT,D,9.7,0,0,0,0,0,0,0,9.7,6.8,24.7,18.8,0
2388,Arunachal Pradesh,Upper Subansiri,MS KIM HAOKIP,D,11.9,0,0,1,0,0,0,0,9.7,15.5,24.7,18.8,0
2389,Arunachal Pradesh,Kamle,SHRI LALIT FARSWAN,D,9.7,0,0,0,0,0,0,0,9.7,6.8,24.7,18.8,0
2390,Arunachal Pradesh,West Siang,SHRI LALIT FARSWAN,C,28.3,0,0,24,0,0,0,0,9.7,81.3,24.7,18.8,0
2391,Arunachal Pradesh,Shi-Yomi,SHRI LALIT FARSWAN,D,9.7,0,0,0,0,0,0,0,9.7,6.8,24.7,18.8,0
2392,Arunachal Pradesh,Lepa-Rada,SHRI LALIT FARSWAN,C,21.4,0,0,10,0,0,0,0,9.7,53.7,24.7,18.8,0
2393,Arunachal Pradesh,Lower Siang,MS ISHITA SEDHA,C,30.8,1,0,5,0,0,0,100,9.7,31.3,24.7,18.8,0
2394,Arunachal Pradesh,East Siang,MS ISHITA SEDHA,C,24.5,0,0,14,0,0,0,0,9.7,66.0,24.7,18.8,0
2395,Arunachal Pradesh,Siang,DR ZAHIDA SHABNAM,D,11.9,0,0,1,0,0,0,0,9.7,15.5,24.7,18.8,0
2396,Arunachal Pradesh,Upper Siang,DR ZAHIDA SHABNAM,D,9.7,0,0,0,0,0,0,0,9.7,6.8,24.7,18.8,0
2397,Arunachal Pradesh,Dibang Valley,SHRI YOGESH CHAUDHARY,D,9.7,0,0,0,0,0,0,0,9.7,6.8,24.7,18.8,0
2398,Arunachal Pradesh,Lower Dibang Valley,SHRI YOGESH CHAUDHARY,D,11.9,0,0,1,0,0,0,0,9.7,15.5,24.7,18.8,0
2399,Arunachal Pradesh,Lohit,SHRI AMARPREET LALLY,D,13.6,0,0,3,0,0,0,0,9.7,22.5,24.7,18.8,0
2400,Arunachal Pradesh,Anjaw,SHRI AMARPREET LALLY,D,11.9,0,0,1,0,0,0,0,9.7,15.5,24.7,18.8,0
2401,Arunachal Pradesh,Namsai,SHRI AMARPREET LALLY,D,12.8,0,0,2,0,0,0,0,9.7,19.0,24.7,18.8,0
2402,Arunachal Pradesh,Changlang,SHRI VEDPAL LOHIA,D,9.7,0,0,0,0,0,0,0,9.7,6.8,24.7,18.8,0
2403,Arunachal Pradesh,Tirap,SHRI KIRAN MUGABASAV,D,9.7,0,0,0,0,0,0,0,9.7,6.8,24.7,18.8,0
2404,Arunachal Pradesh,Longding,SHRI KIRAN MUGABASAV,D,9.7,0,0,0,0,0,0,0,9.7,6.8,24.7,18.8,0
