Grade,FinalScore,State,District,Observer,DistrictReport,ProposedNames,DailyReports,SupportingDocs,PotentialLeaders,Influencers,Score_DistrictReport,Score_ProposedNames,Score_DailyReports,Score_SupportingDocs,Score_PotentialLeaders,Score_Influencers,DistrictID
A,92.3,Odisha,Kalahandi ,"SHRI. SHAIK MASTAN WALI, EX. AICC SECRETARY",1,8,156,10,42,0,100,99.5,99.0,88.3,99.1,45.8,1849
A,90.5,Uttarakhand,PARWADOON,SHRI B. M. SANDEEP,1,8,43,17,11,0,100,99.5,91.4,95.1,88.8,45.8,1909
A,89.8,Uttarakhand,PACHWADOON,SHRI B. M. SANDEEP,1,7,31,25,29,0,100,98.2,85.5,96.6,97.6,45.8,1910
A,87.8,Tamil Nadu,Kallakurichi,SHRI. AMIT VIJ,1,6,30,13,18,18,100,73.7,84.5,92.1,94.4,99.9,2149
A,86.7,Jharkhand,Saraikela-Kharsawan,SHRI BISHWARANJAN MOHANTHY,1,6,85,26,38,0,100,73.7,97.1,97.0,98.6,45.8,1829
A,86.3,Telangana,Nalgonda,SHRI BISHWARANJAN MOHANTHY,1,6,97,14,31,0,100,73.7,98.0,93.1,97.9,45.8,2047
A,86.0,Jharkhand,Khunti,"SMT. SZARITA LAITPHLANG, AICC SECRETARY",1,6,124,23,11,0,100,73.7,98.8,96.4,88.8,45.8,1819
A,85.5,Odisha,Jagatsinghpur ,SHRI M LIJU,1,6,87,10,51,0,100,73.7,97.5,88.3,99.3,45.8,1846
A,85.0,Telangana,Vikarabad,SHRI SURAJ SINGH THAKUR,1,6,62,14,13,0,100,73.7,95.5,93.1,91.7,45.8,2021
A,85.0,Tamil Nadu,Virudhunagar East,SHRI BISHWARANJAN MOHANTHY,1,6,91,9,19,0,100,73.7,97.8,86.7,95.0,45.8,2205
A,84.9,Jammu and Kashmir,Bandipur,SHRI SITARAM LAMBA,1,6,33,4,18,1,100,73.7,87.0,72.6,94.4,93.3,2113
A,84.0,Telangana,Sangareddy,"SMT. SZARITA LAITPHLANG, AICC SECRETARY",1,6,43,12,18,0,100,73.7,91.4,91.2,94.4,45.8,2024
A,83.7,Punjab,Fazilka,"DR. A. CHELLA KUMAR, MEMBER CWC",1,6,53,48,6,0,100,73.7,93.8,98.8,74.2,45.8,1874
A,83.6,Odisha,Malkangiri ,"SHRI RAGHVENDRA SINGH, MLA",1,6,57,7,15,0,100,73.7,94.7,84.1,93.3,45.8,1855
A,83.6,Telangana,Khairathabad,SHRI SHAKTISINH GOHIL,1,6,37,17,13,0,100,73.7,88.5,95.1,91.7,45.8,2020
A,83.5,Odisha,Puri ,"SHRI GC CHANDRASHEKHAR, MP",1,6,57,7,13,0,100,73.7,94.7,84.1,91.7,45.8,1861
A,83.5,Punjab,Bathinda Urban,"SHRI BALA BACCHAN, EX. MINISTER",1,6,61,6,20,0,100,73.7,95.2,80.7,95.7,45.8,1871
A,83.4,Jharkhand,Dumka,SHRI SURAJ SINGH THAKUR,1,6,54,10,10,0,100,73.7,94.1,88.3,86.7,45.8,1811
A,83.2,Tamil Nadu,Ranipet,SHRI. J. D. SEELAM,1,6,38,6,3,5,100,73.7,89.0,80.7,55.8,98.8,2171
A,82.8,Telangana,Secunderabad,"DR. C.P JOSHI, FORMER SPEAKER",1,6,122,6,8,0,100,73.7,98.4,80.7,81.2,45.8,2019
A,82.6,Andhra Pradesh,Dr Ambedkar Konaseema,SHRI AHKILESH SHUKLA,1,6,43,41,5,0,100,73.7,91.4,98.4,69.3,45.8,2066
A,82.5,Punjab,Moga,SHRI BP SINGH,1,6,62,4,25,0,100,73.7,95.5,72.6,97.0,45.8,1886
A,82.2,Andhra Pradesh,West Godavari (Narasapuram),SHRI. JASVEER SINGH DIMPA,1,6,19,6,9,10,100,73.7,73.0,80.7,84.0,99.6,2098
A,82.0,Odisha,Rourkela ,"DR. PALAK VERMA, AICC JNT. SECRETARY",1,6,70,19,3,0,100,73.7,96.3,95.7,55.8,45.8,1863
A,82.0,Jammu and Kashmir,Samba,SHRI. TASVEER SOLANKI,1,6,44,11,6,0,100,73.7,92.2,90.0,74.2,45.8,2129
A,82.0,Bihar,Purnia,SHRI. SANJAY KAPOOR,1,6,23,5,7,4,100,73.7,77.9,76.7,78.2,97.8,2261
A,81.9,Jharkhand,Koderma,"SHRI MANIKRAO THAKRE, MEMBER CWC",1,6,205,7,4,0,100,73.7,99.9,84.1,62.7,45.8,1820
A,81.9,Bihar,Muzzafarpur,SHRI MANAS CHAUDHARY,1,6,28,21,1,1,100,73.7,82.4,96.1,41.6,93.3,2265
A,81.8,Punjab,Amritsar Urban,"SHRI. C P MITTAL, EX. AICC SECRETARY",1,6,35,7,13,0,100,73.7,88.1,84.1,91.7,45.8,1868
A,81.4,Jharkhand,Pakur,"SHRI ABDUL KHALEQUE, EX. MP",1,6,41,7,8,0,100,73.7,90.4,84.1,81.2,45.8,1823
A,81.4,Uttarakhand,CITY KOTDWAR,MS SOFIA FIRDOUS,1,6,21,32,178,0,100,73.7,75.3,97.6,99.7,45.8,1905
A,81.3,Tamil Nadu,Virudhunagar West,SHRI BISHWARANJAN MOHANTHY,1,6,80,2,17,0,100,73.7,96.7,64.8,94.0,45.8,2206
A,81.2,Telangana,Warangal,SHRI NABAJYOTI PATNAIK,1,6,48,4,13,0,100,73.7,92.6,72.6,91.7,45.8,2048
A,81.2,Telangana,Hanamkonda,SHRI NABAJYOTI PATNAIK,1,6,51,3,20,0,100,73.7,93.2,69.0,95.7,45.8,2049
A,81.2,Himachal Pradesh,Solan,SHRI. JITENDRA BAGHEL,1,6,33,2,5,1,100,73.7,87.0,64.8,69.3,93.3,2110
A,81.2,Bihar,Gaya,SHRI YOGESH DIKSHIT,1,6,33,2,5,1,100,73.7,87.0,64.8,69.3,93.3,2289
A,81.1,Telangana,Kamareddy,SHRI RAJPAL KHAROLA,1,6,55,7,5,0,100,73.7,94.3,84.1,69.3,45.8,2031
A,81.0,Rajasthan,CHITTORGARH,SUBHASHINI YADAV,1,8,16,5,8,0,100,99.5,67.9,76.7,81.2,45.8,1982
A,80.8,Punjab,Gurdaspur,"SHRI BHARATSINH SOLANKI, EX. PCC",1,6,30,6,20,0,100,73.7,84.5,80.7,95.7,45.8,1876
A,80.8,Himachal Pradesh,Sirmaur,SHRI BP SINGH,1,6,23,1,20,6,100,73.7,77.9,55.7,95.7,99.4,2109
A,80.7,Uttarakhand,UTTARKASHI,SHRI KULDEEP INDORA,1,6,29,10,10,0,100,73.7,83.3,88.3,86.7,45.8,1922
A,80.7,Jammu and Kashmir,Ganderbal,SHRI. SANJAY CHHOKAR,1,7,11,11,2,2,100,98.2,52.7,90.0,49.2,95.9,2117
A,80.6,Jharkhand,Sahibganj,"SHRI PRABHU TOKIA, PRESIDENT TCC D&N HAVELI",1,7,12,31,7,0,100,98.2,56.3,97.4,78.2,45.8,1828
A,80.6,Chhattisgarh,Rajnandgaon Rural,SHRI CHARAN SINGH SAPRA,1,6,31,382,4,0,100,73.7,85.5,99.9,62.7,45.8,1949
A,80.5,Chhattisgarh,Raigarh Rural,SHRI SITARAM LAMBA,1,6,86,2,9,0,100,73.7,97.3,64.8,84.0,45.8,1940
A,79.9,Odisha,Nuapada ,"SHRI MANOJ CHAUHAN, SECRETARY AICC",1,6,18,21,21,0,100,73.7,71.2,96.1,96.3,45.8,1860
A,79.5,Odisha,Mayurbhanj East ,SHRI AHKILESH SHUKLA,1,6,174,39,0,0,100,73.7,99.5,98.1,18.8,45.8,1856
A,79.4,Tamil Nadu,Thiruvallur North,SHRI B. M. SANDEEP,1,6,19,10,38,0,100,73.7,73.0,88.3,98.6,45.8,2184
A,79.4,Tamil Nadu,Vellore Central,SHRI. MADHU YASHKI GOUD,1,6,40,1,3,2,100,73.7,89.8,55.7,55.8,95.9,2201
A,79.3,Bihar,Madhubaini,SHRI AHKILESH SHUKLA,1,6,41,26,1,0,100,73.7,90.4,97.0,41.6,45.8,2256
A,79.2,Rajasthan,JODHPUR URBAN,SUSHANT MISHRA,1,6,51,1,20,0,100,73.7,93.2,55.7,95.7,45.8,1999
A,79.2,Tamil Nadu,Salem East,SHRI. BALMOORI VENKAT,1,6,74,6,2,0,100,73.7,96.5,80.7,49.2,45.8,2172
A,79.1,Punjab,Mohali,"SHRI MANOJ YADAV, AICC SECRETARY",1,6,32,4,10,0,100,73.7,86.2,72.6,86.7,45.8,1887
A,79.1,Bihar,Jahanabad,SMT. NEETU VERMA,1,6,38,7,4,0,100,73.7,89.0,84.1,62.7,45.8,2287
A,79.0,Odisha,Ganjam East ,"SHRI RAMLAL JAT, EX MINISTER",1,6,18,11,21,0,100,73.7,71.2,90.0,96.3,45.8,1844
A,79.0,Rajasthan,JODHPUR RURAL,SHRI YASHPAL ARYA,1,6,57,3,5,0,100,73.7,94.7,69.0,69.3,45.8,1998
A,79.0,Andhra Pradesh,Srikakulam,SHRI SURAJ SINGH THAKUR,1,6,53,2,7,0,100,73.7,93.8,64.8,78.2,45.8,2089
A,78.8,Bihar,Vaishali,DR. RAGINI NAYAK,1,6,22,13,7,0,100,73.7,76.7,92.1,78.2,45.8,2269
A,78.7,Punjab,Muktsar,"SHRI VIKAR RASOOL WANI, EX. PCC",1,6,49,1,13,0,100,73.7,92.8,55.7,91.7,45.8,1888
A,78.7,Tamil Nadu,Villupuram Central,SHRI. BALMOORI VENKAT,1,6,84,1,8,0,100,73.7,96.9,55.7,81.2,45.8,2203
A,78.6,Odisha,Jajpur ,SMT CHARULATA TOKAS,1,6,24,7,8,0,100,73.7,79.2,84.1,81.2,45.8,1847
A,78.6,Telangana,Badradri Kothagudem,SHRI JOHNSON ABRAHAM,1,6,19,14,9,0,100,73.7,73.0,93.1,84.0,45.8,2053
A,78.3,Punjab,Ropar,"SHRI SUBHASH CHOPRA, EX. PCC",1,6,27,6,7,0,100,73.7,81.6,80.7,78.2,45.8,1892
A,78.2,Uttarakhand,KOTDWAR,"SHRI VIKAS THAKRE, MLA",1,6,123,12,0,0,100,73.7,98.6,91.2,18.8,45.8,1906
A,78.1,Tamil Nadu,Tirupattur,DR. C.VAMSHI KRISHNA,1,6,18,1,10,5,100,73.7,71.2,55.7,86.7,98.8,2193
A,77.9,Jharkhand,Godda,SHRI RC KHUNTIA,1,6,16,10,22,0,100,73.7,67.9,88.3,96.6,45.8,1815
A,77.8,Himachal Pradesh,Kullu,SHRI KULDEEP INDORA,1,6,39,0,10,2,100,73.7,89.5,24.7,86.7,95.9,2105
A,77.6,Odisha,Subarnapur ,"SHRI. AMIT SIHAG, EX MLA",1,6,19,10,8,0,100,73.7,73.0,88.3,81.2,45.8,1865
A,77.5,Rajasthan,JHUNJHUNU,CAPT. PRAVEEN DAWAR,1,6,16,10,14,0,100,73.7,67.9,88.3,92.8,45.8,1997
A,77.4,Telangana,Hyderabad,SHRI AMIN PATEL,1,6,63,11,0,0,100,73.7,95.9,90.0,18.8,45.8,2018
A,77.3,Uttarakhand,RUDRAPRYAG,"SHRI HIMMAT SINGH PATEL, EX. MLA",1,6,27,14,2,0,100,73.7,81.6,93.1,49.2,45.8,1917
A,77.2,Andhra Pradesh,Vizianagaram,SHRI. RAVINDRA DAS,1,8,25,0,1,1,100,99.5,80.4,24.7,41.6,93.3,2096
A,77.1,Goa,South Goa,SHRI N RAGUVEERA REDDY,1,6,14,13,2,1,100,73.7,62.3,92.1,49.2,93.3,2248
A,77.1,Bihar,Gopalganj,SHRI MAQSOOD KHAN,1,6,27,0,55,2,100,73.7,81.6,24.7,99.6,95.9,2266
A,77.0,Chhattisgarh,Surajpur,SHRI VIKAS THAKRE,1,6,63,4,1,0,100,73.7,95.9,72.6,41.6,45.8,1930
A,76.8,Rajasthan,HANUMANGARH,SHRI AMIT VIJ,1,6,13,17,27,0,100,73.7,59.3,95.1,97.2,45.8,1990
A,76.6,Rajasthan,PRATAPGARH,SHRI AMIT SIHAG,1,6,29,8,2,0,100,73.7,83.3,85.8,49.2,45.8,2009
A,76.4,Jharkhand,Hazaribagh,"SHRI SUDEEP ROY BURMAN, EX. CLP",1,6,88,6,0,0,100,73.7,97.7,80.7,18.8,45.8,1817
A,76.4,Punjab,Jalandhar Urban,"SHRI RAJESH LILOTHIA, EX. CHIARMAN SC DEPT.",1,6,14,35,8,0,100,73.7,62.3,97.8,81.2,45.8,1879
A,76.1,Odisha,Cuttack ,"SHRI. S. A. SAMPATH KUMAR, AICC SECRETARY",1,7,22,4,0,0,100,98.2,76.7,72.6,18.8,45.8,1839
A,75.7,Rajasthan,DUNGARPUR,"SHRI LALJI DESAI, PRESIDENT SEVADAL",1,6,13,16,10,0,100,73.7,59.3,94.4,86.7,45.8,1988
A,75.7,Jammu and Kashmir,Budgam,SMT. SHAMINA SHAFIQ,1,6,34,1,6,0,100,73.7,87.8,55.7,74.2,45.8,2115
A,75.5,Tamil Nadu,Sivagangai,SHRI. NILESH CHATURVEDI,1,6,50,0,3,2,100,73.7,93.0,24.7,55.8,95.9,2175
A,75.3,Jammu and Kashmir,Kupwara,SHRI. SANJAY KAPOOR,1,6,13,13,10,0,100,73.7,59.3,92.1,86.7,45.8,2123
A,75.1,Andhra Pradesh,Kakinada,SHRI. ALI MEHANDI,1,6,25,0,8,4,100,73.7,80.4,24.7,81.2,97.8,2073
A,74.9,Chhattisgarh,Rajnandgaon City,SHRI CHARAN SINGH SAPRA,1,6,18,148,1,0,100,73.7,71.2,99.6,41.6,45.8,1948
A,74.8,Jharkhand,Dhanbad,SHRI DINESH GURJAR,1,6,15,6,9,0,100,73.7,65.3,80.7,84.0,45.8,1810
A,74.8,Uttarakhand,CITY RUDRAPUR,DR. NARESH KUMAR,1,5,30,15,9,0,100,46.3,84.5,93.9,84.0,45.8,1920
A,74.6,Punjab,Mansa,"SHRI ANIL CHAUDHARY, EX PCC PRESIDENT",1,6,21,3,6,0,100,73.7,75.3,69.0,74.2,45.8,1885
A,74.6,Chhattisgarh,Raigarh City,SHRI SITARAM LAMBA,1,6,29,1,6,0,100,73.7,83.3,55.7,74.2,45.8,1939
A,74.4,Odisha,Khurda ,"SHRI BIMAL SHAH, EX. MINISTER",1,6,12,7,25,0,100,73.7,56.3,84.1,97.0,45.8,1853
A,74.4,Uttarakhand,CITY ROORKEE,"SHRI RAO NARENDER SINGH, EX. MINISTER",1,6,32,9,0,0,100,73.7,86.2,86.7,18.8,45.8,1900
A,74.4,Bihar,Siwan,SHRI MALENDRA RAJAN,1,6,25,6,1,0,100,73.7,80.4,80.7,41.6,45.8,2267
A,74.1,Telangana,Jayashankar Bhupalpalle,SHRI JOHNSON ABRAHAM,1,6,18,4,6,0,100,73.7,71.2,72.6,74.2,45.8,2052
A,74.0,Jharkhand,West Singhbhum,"SHRI SAJJAN SINGH VERMA, EX. MINISTER",1,6,44,0,14,0,100,73.7,92.2,24.7,92.8,45.8,1831
A,73.6,Uttarakhand,HARIDWAR RURAL,"SHRI. GIDUGU RUDRA RAJU, EX. PCC",1,6,10,11,40,0,100,73.7,48.7,90.0,98.9,45.8,1904
A,73.6,Uttarakhand,DIDIHAT,"DR. NITIN RAUT, EX. MINISTER",1,2,172,16,1,1,100,24.4,99.3,94.4,41.6,93.3,1913
A,73.5,Jharkhand,Deoghar,"SHRI MALENDRA RAJAN, MLA",1,6,38,1,2,0,100,73.7,89.0,55.7,49.2,45.8,1809
A,73.4,Chhattisgarh,Balrampur,SHRI VIKAS THAKRE,1,6,32,2,1,0,100,73.7,86.2,64.8,41.6,45.8,1929
A,73.4,Rajasthan,KOTPUTLI-BEHROR,"SHRI BHARATSINH SOLANKI, EX. PCC",1,6,13,4,22,0,100,73.7,59.3,72.6,96.6,45.8,2004
A,73.4,Bihar,Arwal,SMT. NEETU VERMA,1,6,19,9,1,0,100,73.7,73.0,86.7,41.6,45.8,2286
A,73.3,Odisha,Angul ,"SHRI DK SURESH, EX MP",1,6,29,7,0,0,100,73.7,83.3,84.1,18.8,45.8,1832
A,73.0,Tamil Nadu,Thanjavur North,DR. NARESH KUMAR,1,6,43,0,9,0,100,73.7,91.4,24.7,84.0,45.8,2181
A,72.9,Uttarakhand,ROORKEE,"SHRI RAJESH TIWARI, AICC SECRETARY",1,6,26,1,4,0,100,73.7,80.9,55.7,62.7,45.8,1916
A,72.7,Odisha,Ganjam West,"SHRI SACHIN NAIK, EX. AICC SECRETARY",1,5,17,20,28,0,100,46.3,69.9,95.9,97.4,45.8,1845
A,72.7,Odisha,Sundargarh ,SHRI. SANJAY KAPOOR,1,6,44,2,0,0,100,73.7,92.2,64.8,18.8,45.8,1866
A,72.6,Punjab,Patiala Urban,SHRI SANJAY DUTT,1,6,11,14,6,0,100,73.7,52.7,93.1,74.2,45.8,1891
A,72.5,Jammu and Kashmir,Udhampur,SHRI. UDAI BHAN,1,6,12,11,5,0,100,73.7,56.3,90.0,69.3,45.8,2132
A,72.4,Tamil Nadu,Vellore Corporation,SHRI. MADHU YASHKI GOUD,1,6,30,1,2,0,100,73.7,84.5,55.7,49.2,45.8,2202
A,72.4,Nagaland,Mon,SHRI RAHUL BAL,1,3,21,39,4,5,100,30.8,75.3,98.1,62.7,98.8,2214
A,72.2,Jammu and Kashmir,Kathua,SHRI YASHPAL ARYA,1,6,41,2,0,0,100,73.7,90.4,64.8,18.8,45.8,2120
A,72.2,Tamil Nadu,Madurai Corporation,SHRI. ARUN YADAV,1,6,36,0,9,0,100,73.7,88.3,24.7,84.0,45.8,2159
A,72.1,Rajasthan,BHILWARA URBAN,SHRI VIKAR RASOOL WANI,1,6,31,0,12,0,100,73.7,85.5,24.7,90.3,45.8,1978
A,72.0,Odisha,Koraput ,"SHRI GANESH YADAV, AICC SECRETARY",1,6,37,0,8,0,100,73.7,88.5,24.7,81.2,45.8,1854
A,71.9,Rajasthan,AJMER URBAN,SHRI ASHOK TANWAR,1,6,30,0,12,0,100,73.7,84.5,24.7,90.3,45.8,1969
A,71.9,Jammu and Kashmir,Poonch,SHRI. ANANT DAHIYA,1,6,8,9,3,4,100,73.7,40.4,86.7,55.8,97.8,2124
A,71.3,Odisha,Bhubaneswar ,SHRI. J. D. SEELAM,1,3,29,10,51,0,100,30.8,83.3,88.3,99.3,45.8,1836
A,71.1,Punjab,Sangrur,"SHRI JAGDISH JANGID, EX. MINISTER",1,6,16,1,7,0,100,73.7,67.9,55.7,78.2,45.8,1893
A,71.1,Bihar,Katihar,SHRI. ARUN YADAV,1,6,34,0,6,0,100,73.7,87.8,24.7,74.2,45.8,2263
A,71.0,Odisha,Kandhamal ,SHRI PRAKASH JOSHI,1,4,33,4,12,0,100,38.9,87.0,72.6,90.3,45.8,1850
A,71.0,Tamil Nadu,Avadi Corporation,SHRI B. M. SANDEEP,1,6,12,2,13,0,100,73.7,56.3,64.8,91.7,45.8,2134
A,70.9,Punjab,Fatehgarh Sahib,"SHRI SACHIN YADAV, EX. MINISTER",1,6,27,1,1,0,100,73.7,81.6,55.7,41.6,45.8,1873
A,70.9,Bihar,Bhojpur,MS. AMBA PRASAD,1,3,20,52,2,5,100,30.8,74.2,99.1,49.2,98.8,2282
A,70.7,Rajasthan,GANGANAGAR,SHRI KULJEET NAGRA,1,6,9,6,19,0,100,73.7,44.5,80.7,95.0,45.8,1989
A,70.7,Jammu and Kashmir,Baramulla,SHRI. ABDUL HANNAN,1,6,30,0,7,0,100,73.7,84.5,24.7,78.2,45.8,2114
A,70.4,Odisha,Mayurbhanj West ,"SHRI NITIN KUMBALKAR, AICC JT. SECRETARY ",1,4,22,10,10,0,100,38.9,76.7,88.3,86.7,45.8,1857
A,70.2,Himachal Pradesh,Kangra,SHRI VIKAR RASOOL WANI,1,6,23,0,12,0,100,73.7,77.9,24.7,90.3,45.8,2103
A,70.2,Tamil Nadu,Cuddalore Central,SHRI. K.B.R.NAIDU,1,6,15,0,6,1,100,73.7,65.3,24.7,74.2,93.3,2139
A,70.1,Andhra Pradesh,Kurnool,SHRI. YOGESH H.C,1,6,9,1,7,1,100,73.7,44.5,55.7,78.2,93.3,2076
B,70.0,Telangana,Rangareddy,SHRI ROBERT BRUCE,1,6,8,6,29,0,100,73.7,40.4,80.7,97.6,45.8,2023
B,70.0,Bihar,Madhepur,SHRI. SANJAY KAPOOR,1,6,15,5,1,0,100,73.7,65.3,76.7,41.6,45.8,2262
B,69.9,Tamil Nadu,Cuddalore West,SHRI. K.B.R.NAIDU,1,6,14,0,7,1,100,73.7,62.3,24.7,78.2,93.3,2141
B,69.8,Rajasthan,BARMER,SHRI RAJESH TIWARI,1,6,30,0,5,0,100,73.7,84.5,24.7,69.3,45.8,1974
B,69.8,Andhra Pradesh,Krishna (Machilipattinam),SHRI SANJAY DUTT,1,4,28,17,3,0,100,38.9,82.4,95.1,55.8,45.8,2075
B,69.7,Rajasthan,JAIPUR URBAN,SHRI GIDUGU RUDRA RAJU,1,6,10,2,33,0,100,73.7,48.7,64.8,98.1,45.8,1993
B,69.6,Himachal Pradesh,Mandi,SHRI RAJESH THAKUR,1,6,21,0,12,0,100,73.7,75.3,24.7,90.3,45.8,2107
B,69.6,Tamil Nadu,Central Chennai West,SHRI N RAGUVEERA REDDY,1,6,12,1,1,2,100,73.7,56.3,55.7,41.6,95.9,2136
B,69.5,Punjab,Patiala Rural,"SMT. MANISHA PAWAR, EX. MLA",1,6,9,5,11,0,100,73.7,44.5,76.7,88.8,45.8,1890
B,69.4,Telangana,Khammam,SHRI K MAHENDRAN,1,6,21,0,11,0,100,73.7,75.3,24.7,88.8,45.8,2054
B,69.4,Tamil Nadu,North Chennai East,SHRI RC KHUNTIA,1,6,6,17,36,0,100,73.7,29.3,95.1,98.4,45.8,2165
B,69.3,Rajasthan,BIKANER RURAL,"SHRI RAJESH LILOTHIA, EX. CHIARMAN SC DEPT.",1,6,7,17,9,0,100,73.7,34.6,95.1,84.0,45.8,1979
B,69.2,Uttarakhand,UDHAMSINGH NAGAR,"SHRI RAO DAN SINGH, EX. MINISTER",1,6,10,15,2,0,100,73.7,48.7,93.9,49.2,45.8,1921
B,69.2,Rajasthan,BHILWARA RURAL,SHRI VIKAR RASOOL WANI,1,6,41,0,2,0,100,73.7,90.4,24.7,49.2,45.8,1977
B,69.2,Rajasthan,UDAIPUR RURAL,SMT. YASHOMATI THAKUR,1,6,12,2,6,0,100,73.7,56.3,64.8,74.2,45.8,2016
B,69.2,Himachal Pradesh,Bilaspur,MS HINA KAWRE,1,6,10,6,5,0,100,73.7,48.7,80.7,69.3,45.8,2100
B,69.1,Goa,North Goa,MS SHOBHA OZA,1,4,14,28,2,1,100,38.9,62.3,97.2,49.2,93.3,2251
B,69.0,Odisha,Gajapati ,SHRI N RAGUVEERA REDDY,1,6,23,0,7,0,100,73.7,77.9,24.7,78.2,45.8,1843
B,69.0,Punjab,Tarn Taran,"SHRI KULDEEP VATS, MLA",1,6,16,6,0,0,100,73.7,67.9,80.7,18.8,45.8,1895
B,69.0,Telangana,Medchal Malkagiri,"SMT. ANJALI NIMBALKAR, EX. MLA",1,5,31,4,3,0,100,46.3,85.5,72.6,55.8,45.8,2022
B,69.0,Tamil Nadu,Cuddalore South,SHRI. SHARAT BACCHEGOWDA,1,6,11,8,2,0,100,73.7,52.7,85.8,49.2,45.8,2140
B,68.9,Tamil Nadu,Mayiladuthurai,SHRI. SARAT PATNAIK,1,6,14,2,3,0,100,73.7,62.3,64.8,55.8,45.8,2160
B,68.8,Punjab,Ferozepur,"SHRI. VIVEK BANSAL, EX. MEMBER CWC",1,6,29,0,4,0,100,73.7,83.3,24.7,62.7,45.8,1875
B,68.8,Tamil Nadu,Central Chennai East,SHRI N RAGUVEERA REDDY,1,6,11,1,1,3,100,73.7,52.7,55.7,41.6,97.0,2135
B,68.8,Tamil Nadu,Nagapattinam,SHRI. SARAT PATNAIK,1,6,13,2,4,0,100,73.7,59.3,64.8,62.7,45.8,2161
B,68.6,Punjab,Bathinda Rural,"SMT. MAMTA BHUPESH, EX. MINISTER",1,6,8,6,9,0,100,73.7,40.4,80.7,84.0,45.8,1870
B,68.6,Tamil Nadu,Erode Corporation,SHRI. J.R.LOBO,1,6,23,0,6,0,100,73.7,77.9,24.7,74.2,45.8,2146
B,68.5,Rajasthan,SALUMBER,SHRI AMIT SIHAG,1,6,12,5,2,0,100,73.7,56.3,76.7,49.2,45.8,2011
B,68.5,Nagaland,Mokokchung,SHRI. K.B.R.NAIDU,1,4,39,0,9,1,100,38.9,89.5,24.7,84.0,93.3,2217
B,68.4,Jammu and Kashmir,Kishtwar,SHRI KEWAL SINGH PATHANIA,1,7,12,1,0,0,100,98.2,56.3,55.7,18.8,45.8,2121
B,68.4,Jammu and Kashmir,Srinagar,SHRI. AJAY KUMAR LALLU,1,6,21,0,7,0,100,73.7,75.3,24.7,78.2,45.8,2131
B,68.3,Rajasthan,BANSWARA,"SHRI LALJI DESAI, PRESIDENT SEVADAL",1,6,7,9,10,0,100,73.7,34.6,86.7,86.7,45.8,1972
B,68.3,Tamil Nadu,Villupuram North,SHRI. BALMOORI VENKAT,1,5,100,0,11,0,100,46.3,98.2,24.7,88.8,45.8,2204
B,68.2,Punjab,Faridkot,SHRI NADEEM JAVED,1,6,16,1,2,0,100,73.7,67.9,55.7,49.2,45.8,1872
B,67.9,Rajasthan,DAUSA,SHRI ANIL BHARDWAJ,1,5,23,3,5,0,100,46.3,77.9,69.0,69.3,45.8,1984
B,67.8,Delhi,Mehrauli,SHRI SURENDER SINGH BAGHEL,1,8,18,0,0,0,100,99.5,71.2,24.7,18.8,45.8,2376
B,67.7,Jharkhand,Palamu,"DR. AMEE YAJNIK, MEMBER CEC",1,6,7,48,4,0,100,73.7,34.6,98.8,62.7,45.8,1824
B,67.7,Rajasthan,BALOTRA,SHRI RAJESH TIWARI,1,6,27,0,3,0,100,73.7,81.6,24.7,55.8,45.8,1971
B,67.7,Tamil Nadu,Thanjavur Corporation,DR. NARESH KUMAR,1,6,20,0,6,0,100,73.7,74.2,24.7,74.2,45.8,2180
B,67.6,Odisha,Kendrapara ,"SHRI GOPINATH PALANIYAPPAN, AICC SECRETARY",1,6,8,3,13,0,100,73.7,40.4,69.0,91.7,45.8,1851
B,67.6,Rajasthan,KARAULI,SHRI NADEEM JAVED,1,6,15,1,2,0,100,73.7,65.3,55.7,49.2,45.8,2000
B,67.5,Odisha,Nawarangpur ,"SHRI JETTI KUSUM KUMAR, EX. PCC WP",1,6,12,11,0,0,100,73.7,56.3,90.0,18.8,45.8,1858
B,67.4,Odisha,Balasore ,"SHRI SHREYAS M PATEL, MP",1,4,42,11,0,0,100,38.9,90.9,90.0,18.8,45.8,1833
B,67.4,Rajasthan,KHAIRTHAL-TIJARA,"SHRI BHARATSINH SOLANKI, EX. PCC",1,6,7,4,33,0,100,73.7,34.6,72.6,98.1,45.8,2001
B,67.4,Jammu and Kashmir,Ramban,SHRI JETTI KUSUM KUMAR,1,6,10,1,11,0,100,73.7,48.7,55.7,88.8,45.8,2127
B,67.2,Himachal Pradesh,Hamirpur,SHRI SHAKTISINH GOHIL,1,5,14,6,9,0,100,46.3,62.3,80.7,84.0,45.8,2102
B,67.1,Odisha,Boudh ,SHRI. BV SRINIVAS,1,6,8,2,14,0,100,73.7,40.4,64.8,92.8,45.8,1838
B,67.1,Rajasthan,ALWAR,SHRI SALEEM AHMAD,1,6,16,0,9,0,100,73.7,67.9,24.7,84.0,45.8,1970
B,67.0,Manipur,Imphal East,SHRI SARAT RAUT,1,6,11,1,6,0,100,73.7,52.7,55.7,74.2,45.8,2220
B,66.9,Uttarakhand,NAINITAL,SHRI SUKHDEV PANSE,1,6,7,6,8,0,100,73.7,34.6,80.7,81.2,45.8,1907
B,66.8,Uttarakhand,CITY KASHIPUR,SHRI SHAKTISINH GOHIL,1,5,14,4,13,0,100,46.3,62.3,72.6,91.7,45.8,1919
B,66.6,Manipur,Imphal West-II,DR PALAK VERMA,1,1,19,5,5,3,100,20.9,73.0,76.7,69.3,97.0,2229
B,66.4,Chhattisgarh,Korba Rural,SHRI R. C. KHUNTIA,1,7,0,13,7,0,100,98.2,2.3,92.1,78.2,45.8,1938
B,66.4,Tamil Nadu,Dharmapuri,SHRI. IVAN DSOUZA,1,6,24,0,2,0,100,73.7,79.2,24.7,49.2,45.8,2142
B,66.3,Jharkhand,Jamtara,"SHRI ARUN YADAV, EX. MPCC PRESIDENT",1,3,23,10,4,0,100,30.8,77.9,88.3,62.7,45.8,1818
B,66.3,Uttarakhand,CHAMOLI,"SMT. ARADHANA MISHRA MONA, CLP UP",1,4,22,4,5,0,100,38.9,76.7,72.6,69.3,45.8,1898
B,66.2,Bihar,Samastipur,SHRI. ABDUL HANNAN,1,6,19,0,4,0,100,73.7,73.0,24.7,62.7,45.8,2270
B,66.1,Odisha,Deogarh ,"SHRI. CHARAN SINGH SAPRA, WORKING PRESIDENT",1,2,28,102,2,0,100,24.4,82.4,99.4,49.2,45.8,1841
B,66.1,Punjab,Kapurthala,"SHRI BHAJAN LAL JATAV, MP",1,6,18,1,0,0,100,73.7,71.2,55.7,18.8,45.8,1880
B,66.1,Uttarakhand,CITY HALDWANI,"CAPTAIN AJAY YADAV, EX. CHAIRMAN OBC DEPT",1,4,13,4,4,1,100,38.9,59.3,72.6,62.7,93.3,1908
B,66.1,Chhattisgarh,Koriya,SHRI SUBODH KANT SAHAI,1,6,40,0,0,0,100,73.7,89.8,24.7,18.8,45.8,1931
B,66.1,Manipur,City District,SHRI GIDUGU RUDRA RAJU,1,6,11,9,0,0,100,73.7,52.7,86.7,18.8,45.8,2223
B,66.0,Odisha,Bargarh ,"SMT. SHOBHA TAI BACHAV, MP",1,5,14,4,9,0,100,46.3,62.3,72.6,84.0,45.8,1834
B,66.0,Odisha,Cuttack City,"SHRI SALEEM AHMAD, WORKING PRESIDENT",1,6,6,12,5,0,100,73.7,29.3,91.2,69.3,45.8,1840
B,65.9,Uttarakhand,PUROLA,"SHRI P.C SHARMA, EX MINISTER",1,6,7,3,11,0,100,73.7,34.6,69.0,88.8,45.8,1914
B,65.9,Tamil Nadu,Thiruvallur South,SHRI B. M. SANDEEP,1,6,7,2,19,0,100,73.7,34.6,64.8,95.0,45.8,2185
B,65.8,Jharkhand,Lohardaga,SHRI MOHAN MARKAM,1,6,11,1,4,0,100,73.7,52.7,55.7,62.7,45.8,1822
B,65.7,Jharkhand,Gumla,SHRI RAGHU SHARMA,1,6,17,1,0,0,100,73.7,69.9,55.7,18.8,45.8,1816
B,65.7,Andhra Pradesh,Anakapalli,SUSHANT MISHRA,1,6,16,0,0,3,100,73.7,67.9,24.7,18.8,97.0,2059
B,65.6,Chhattisgarh,Janjgeer-Champa,SHRI VIVEK BANSAL,1,6,16,0,5,0,100,73.7,67.9,24.7,69.3,45.8,1941
B,65.6,Telangana,Mulugu ,SHRI JOHNSON ABRAHAM,1,5,14,7,4,0,100,46.3,62.3,84.1,62.7,45.8,2051
B,65.5,Tamil Nadu,Madurai North,SHRI. ARUN YADAV,1,6,15,0,6,0,100,73.7,65.3,24.7,74.2,45.8,2157
B,65.4,Jharkhand,Ranchi Rural,"SMT. PHULO DEVI NETAM, MP MEMBER CWC",1,6,33,0,0,0,100,73.7,87.0,24.7,18.8,45.8,1827
B,65.3,Tamil Nadu,Dindugal Corporation,Shri Venugopal Rao Harkara,1,6,13,1,1,0,100,73.7,59.3,55.7,41.6,45.8,2143
B,65.1,Jammu and Kashmir,Reasi,SMT. SARIKA SINGH,1,6,7,1,2,4,100,73.7,34.6,55.7,49.2,97.8,2128
B,65.0,Rajasthan,BIKANER URBAN,"SHRI RAJESH LILOTHIA, EX. CHIARMAN SC DEPT.",1,6,5,5,18,0,100,73.7,24.2,76.7,94.4,45.8,1980
B,65.0,Jammu and Kashmir,Pulwama,SHRI. AFTAB AHMED,1,6,15,0,5,0,100,73.7,65.3,24.7,69.3,45.8,2125
B,65.0,Manipur,Churachandpur,Shri Venugopal Rao Harkara,1,3,21,1,3,2,100,30.8,75.3,55.7,55.8,95.9,2233
B,64.9,Tamil Nadu,Salem Corporation,MS SHOBHA OZA,1,5,14,7,3,0,100,46.3,62.3,84.1,55.8,45.8,2174
B,64.8,Jharkhand,Ramgarh,"SHRI. PREM SAI THEKAM, EX MINISTER",1,6,5,25,4,0,100,73.7,24.2,96.6,62.7,45.8,1825
B,64.8,Chhattisgarh,Korba City,SHRI R. C. KHUNTIA,1,5,16,43,0,0,100,46.3,67.9,98.6,18.8,45.8,1937
B,64.7,Uttarakhand,PAURI GARHWAL,"SHRI RAHUL KASWAN, MP",1,6,9,12,0,0,100,73.7,44.5,91.2,18.8,45.8,1911
B,64.7,Himachal Pradesh,Una,SHRI SUKHDEV PANSE,1,6,7,0,12,5,100,73.7,34.6,24.7,90.3,98.8,2111
B,64.6,Uttarakhand,DEHRADUN CITY,"SHRI MANICKAM TAGORE, MP",1,6,15,1,0,0,100,73.7,65.3,55.7,18.8,45.8,1901
B,64.6,Chhattisgarh,Khairagarh-Chhuikhadan-Gandai,SHRI CHARAN SINGH SAPRA,1,4,12,193,4,0,100,38.9,56.3,99.7,62.7,45.8,1947
B,64.6,Andhra Pradesh,Tirupati,MS. R.SUDHA,1,7,9,0,3,0,100,98.2,44.5,24.7,55.8,45.8,2091
B,64.5,Uttarakhand,DEVPRYAG,"SMT. ANJALI NIMBALKAR, EX. MLA",1,4,57,0,7,0,100,38.9,94.7,24.7,78.2,45.8,1902
B,64.5,Andhra Pradesh,East Godavari (Rajahmundry),MS. AMBA PRASAD,1,7,8,1,0,0,100,98.2,40.4,55.7,18.8,45.8,2067
B,64.5,Tamil Nadu,Ariyalur,SHRI. SHARAT BACCHEGOWDA,1,6,8,5,2,0,100,73.7,40.4,76.7,49.2,45.8,2133
B,64.4,Punjab,Amritsar Rural,"DR. C.P JOSHI, FORMER SPEAKER",1,1,194,1,4,0,100,20.9,99.7,55.7,62.7,45.8,1867
B,64.4,Jammu and Kashmir,Jammu Rural,SHRI MOHAN MARKAM,1,8,4,1,5,0,100,99.5,18.7,55.7,69.3,45.8,2118
B,64.4,Nagaland,Zunheboto,SHRI BISHWARANJAN MOHANTHY,1,1,33,4,5,0,100,20.9,87.0,72.6,69.3,45.8,2212
B,64.3,Bihar,Purvi Champaran,"SHRI HIMMAT SINGH PATEL, EX. MLA",1,4,43,0,9,0,100,38.9,91.4,24.7,84.0,45.8,2253
B,64.1,Uttarakhand,BAGESHWAR,SHRI ROHIT CHAUDHARY,1,6,8,15,0,0,100,73.7,40.4,93.9,18.8,45.8,1897
B,64.1,Bihar,Begusarai,SHRI MAMAN KHAN,1,5,7,7,4,11,100,46.3,34.6,84.1,62.7,99.7,2271
B,64.0,Tamil Nadu,Salem West,MS SHOBHA OZA,1,4,16,6,3,0,100,38.9,67.9,80.7,55.8,45.8,2173
B,63.8,Rajasthan,SAWAI MADHOPUR,SHRI RAJESH RATHORE,1,6,7,2,6,0,100,73.7,34.6,64.8,74.2,45.8,2012
B,63.8,Tamil Nadu,Namakkal East,SHRI. BELLAIAH NAIK,1,4,24,2,2,0,100,38.9,79.2,64.8,49.2,45.8,2162
B,63.8,Tamil Nadu,Tiruppur Corporation,SHRI ASHOK TANWAR,1,6,11,0,11,0,100,73.7,52.7,24.7,88.8,45.8,2194
B,63.7,Chhattisgarh,Balodabazar,"DR. NITIN RAUT, EX. MINISTER",1,3,169,2,0,0,100,30.8,99.2,64.8,18.8,45.8,1944
B,63.6,Rajasthan,CHURU,"SHRI SUBHASH CHOPRA, EX. PCC",1,6,14,0,4,0,100,73.7,62.3,24.7,62.7,45.8,1983
B,63.4,Chhattisgarh,Dhamtari,SMT. REHANAA CHISTI EX.CHAIRMAN MAHILA AYOG,1,6,10,1,2,0,100,73.7,48.7,55.7,49.2,45.8,1958
B,63.4,Himachal Pradesh,Kinnaur,SHRI. RANVIJAY SINGH LOCHAV,1,6,6,1,2,1,100,73.7,29.3,55.7,49.2,93.3,2104
B,63.4,Bihar,Aurangabad,SHRI RAJESH THAKUR,1,6,24,0,0,0,100,73.7,79.2,24.7,18.8,45.8,2288
B,63.1,Tamil Nadu,Tiruvarur,SHRI PRAFULLA GUDADHE,1,4,22,1,4,0,100,38.9,76.7,55.7,62.7,45.8,2197
B,63.0,Andhra Pradesh,YSR Kadapa,SHRI. VIJAY VASANTH,1,5,13,6,2,0,100,46.3,59.3,80.7,49.2,45.8,2099
B,63.0,Jammu and Kashmir,Kulgam,SHRI. JAYENDRA RAMOLA,1,6,6,6,3,0,100,73.7,29.3,80.7,55.8,45.8,2122
B,62.9,Tamil Nadu,Thoothukudi Corporation,SHRI. VIJAY SINGH,1,3,12,1,9,1,100,30.8,56.3,55.7,84.0,93.3,2188
B,62.8,Telangana,Karimnagar,SHRI SIRINIVAS MANE,1,6,4,4,13,0,100,73.7,18.7,72.6,91.7,45.8,2038
B,62.8,Andhra Pradesh,Annamayya (Rajampet),SHRI K MAHENDRAN,1,6,16,0,1,0,100,73.7,67.9,24.7,41.6,45.8,2062
B,62.8,Bihar,Sitamarhi,SHRI. SANJAY CHHOKAR,1,6,16,0,1,0,100,73.7,67.9,24.7,41.6,45.8,2255
B,62.6,Tamil Nadu,Tiruppur North,SHRI ASHOK TANWAR,1,6,10,0,10,0,100,73.7,48.7,24.7,86.7,45.8,2195
B,62.5,Telangana,Mahabubabad,SHRI DEBASIS PATNAIK,1,6,5,8,3,0,100,73.7,24.2,85.8,55.8,45.8,2056
B,62.4,Punjab,Malerkotla,"SHRI VIRENDER RATHORE, EX. AICC SECRETARY",1,6,21,0,0,0,100,73.7,75.3,24.7,18.8,45.8,1884
B,62.3,Chhattisgarh,Bhilai city,SHRI AJAY KUMAR LALLU,1,6,4,4,10,0,100,73.7,18.7,72.6,86.7,45.8,1953
B,62.2,Odisha,Keonjhar ,SHRI HASSAN MOULANA,1,4,24,0,16,0,100,38.9,79.2,24.7,93.8,45.8,1852
B,62.0,Tamil Nadu,Pudukottai South,SMT. PUSHPA AMARNATH,1,6,7,0,5,1,100,73.7,34.6,24.7,69.3,93.3,2169
B,61.9,Nagaland,Phek,SHRI BISHWARANJAN MOHANTHY,1,1,24,3,5,0,100,20.9,79.2,69.0,69.3,45.8,2211
B,61.8,Chhattisgarh,Surguja,SHRI RAJESH THAKUR,1,6,11,0,5,0,100,73.7,52.7,24.7,69.3,45.8,1928
B,61.8,Tamil Nadu,Perambalur,SHRI. SHARAT BACCHEGOWDA,1,6,6,5,2,0,100,73.7,29.3,76.7,49.2,45.8,2167
B,61.6,Andhra Pradesh,Nandyal,SHRI. N.A.HARIS,1,3,27,1,3,0,100,30.8,81.6,55.7,55.8,45.8,2080
B,61.6,Tamil Nadu,Thoothukudi North,SHRI. VIJAY SINGH,1,4,16,2,3,0,100,38.9,67.9,64.8,55.8,45.8,2189
B,61.4,Jharkhand,Ranchi Mahanagar,"SHRI VIJAY INDER SINGLA, EX MINISTER",1,6,11,1,0,0,100,73.7,52.7,55.7,18.8,45.8,1826
B,61.4,Chhattisgarh,Gariaband,SMT. REHANAA CHISTI EX.CHAIRMAN MAHILA AYOG,1,6,8,1,2,0,100,73.7,40.4,55.7,49.2,45.8,1959
B,61.3,Chhattisgarh,Jashpur,SHRI RAJESH THAKUR,1,6,10,0,6,0,100,73.7,48.7,24.7,74.2,45.8,1927
B,61.2,Rajasthan,TONK,SHRI RAJESH RATHORE,1,6,5,2,6,0,100,73.7,24.2,64.8,74.2,45.8,2015
B,61.1,Telangana,Nizamabad,SHRI RIZWAN ARSHAD,1,6,17,0,0,0,100,73.7,69.9,24.7,18.8,45.8,2033
B,60.8,Tamil Nadu,Erode South,SHRI. J.R.LOBO,1,4,15,0,4,4,100,38.9,65.3,24.7,62.7,97.8,2148
B,60.7,Rajasthan,NAGAUR,SHRI SHAKIR SANADI,1,6,9,0,7,0,100,73.7,44.5,24.7,78.2,45.8,2005
B,60.7,Telangana,Nirmal,SHRI AJAY SINGH,1,6,9,2,0,0,100,73.7,44.5,64.8,18.8,45.8,2030
B,60.7,Telangana,Narayanpet,SHRI M NARAYAN SWAMY,1,6,12,0,2,0,100,73.7,56.3,24.7,49.2,45.8,2044
B,60.7,Tamil Nadu,Namakkal West,SHRI. BELLAIAH NAIK,1,4,17,2,1,0,100,38.9,69.9,64.8,41.6,45.8,2163
B,60.6,Tamil Nadu,Nilgiris,SMT. REHANAA CHISTI EX.CHAIRMAN MAHILA AYOG,1,6,7,1,3,0,100,73.7,34.6,55.7,55.8,45.8,2164
B,60.5,Punjab,Ludhiana Rural,DR. SHIKHA MEEL,1,6,11,0,3,0,100,73.7,52.7,24.7,55.8,45.8,1882
B,60.5,Andhra Pradesh,Eluru,CAPT. PRAVEEN DAWAR,1,6,8,0,10,0,100,73.7,40.4,24.7,86.7,45.8,2068
B,60.3,Rajasthan,UDAIPUR URBAN,SMT. YASHOMATI THAKUR,1,6,3,3,9,0,100,73.7,14.3,69.0,84.0,45.8,2017
B,60.3,Himachal Pradesh,Lahaulspiti,KM. JYOTI RAUTELA,1,6,9,0,6,0,100,73.7,44.5,24.7,74.2,45.8,2106
B,60.2,Himachal Pradesh,Shimla (R),SMT. SANJANA JATAV,1,6,5,0,6,2,100,73.7,24.2,24.7,74.2,95.9,2108
B,60.1,Tamil Nadu,Tenkasi,SHRI. H. S. LUCKY,1,6,10,0,4,0,100,73.7,48.7,24.7,62.7,45.8,2179
B,59.9,Jharkhand,Simdega,SHRI. H. S. LUCKY,1,6,12,0,1,0,100,73.7,56.3,24.7,41.6,45.8,1830
B,59.9,Punjab,SBS Nagar,"SHRI LALJI DESAI, PRESIDENT SEVADAL",1,6,15,0,0,0,100,73.7,65.3,24.7,18.8,45.8,1894
B,59.9,Andhra Pradesh,Sri Satyasai (Hindupur),SHRI AJAY SINGH,1,3,25,1,1,0,100,30.8,80.4,55.7,41.6,45.8,2088
B,59.9,Tamil Nadu,Thiruvannamalai South,SHRI M NARAYAN SWAMY,1,6,12,0,1,0,100,73.7,56.3,24.7,41.6,45.8,2187
B,59.6,Rajasthan,DEEDWANA-KUCHAMAN,DR. AMEE YAJNIK,1,2,19,5,1,0,100,24.4,73.0,76.7,41.6,45.8,1985
B,59.5,Odisha,Dhenkanal ,"SHRI DEAN KOSIKOSE, MP",1,3,14,3,4,0,100,30.8,62.3,69.0,62.7,45.8,1842
B,59.4,Odisha,Jharsuguda,MS SHOBHA OZA,1,5,13,5,0,0,100,46.3,59.3,76.7,18.8,45.8,1848
B,59.4,Chhattisgarh,Balod,"SHRI MANOJ YADAV, AICC SECRETARY",1,6,3,4,5,0,100,73.7,14.3,72.6,69.3,45.8,1954
B,59.3,Punjab,Barnala,"SHRI ASHOK SINGH, MP",1,4,10,12,1,0,100,38.9,48.7,91.2,41.6,45.8,1869
B,59.3,Meghalaya,Eastern West Khasi Hills,SHRI DANISH ABRAR,1,5,17,0,5,0,100,46.3,69.9,24.7,69.3,45.8,2241
B,59.2,Uttarakhand,HARIDWAR CITY,"SHRI JAGDISH THAKOR, MEMBER CWC",1,6,14,0,0,0,100,73.7,62.3,24.7,18.8,45.8,1903
B,59.2,Andhra Pradesh,Chittoor,DR.K JAYAKUMAR,1,6,14,0,0,0,100,73.7,62.3,24.7,18.8,45.8,2064
B,58.9,Jammu and Kashmir,Jammu Urban,MS RITA CHAUDHARY,1,5,22,0,2,0,100,46.3,76.7,24.7,49.2,45.8,2119
B,58.7,Chhattisgarh,Durg city,SHRI AJAY KUMAR LALLU,1,6,5,1,4,0,100,73.7,24.2,55.7,62.7,45.8,1952
B,58.7,Telangana,Jangaon,SHRI DEBASIS PATNAIK,1,6,3,4,4,0,100,73.7,14.3,72.6,62.7,45.8,2050
B,58.7,Tamil Nadu,South Chennai West,SHRI RAGHU SHARMA,1,6,4,2,4,0,100,73.7,18.7,64.8,62.7,45.8,2177
B,58.6,Rajasthan,KOTA URBAN,SHRI JETTI KUSUM KUMAR,1,6,5,7,0,0,100,73.7,24.2,84.1,18.8,45.8,2003
B,58.5,Chhattisgarh,Mohla-Manpur-Ambagarh Chowki,SHRI CHARAN SINGH SAPRA,1,3,10,80,1,0,100,30.8,48.7,99.2,41.6,45.8,1950
B,58.5,Tamil Nadu,Tiruppur South,SHRI ASHOK TANWAR,1,6,7,0,8,0,100,73.7,34.6,24.7,81.2,45.8,2196
B,58.4,Manipur,Imphal West-I,DR PALAK VERMA,1,2,17,3,2,0,100,24.4,69.9,69.0,49.2,45.8,2228
B,58.2,Rajasthan,SIKAR,SHRI SUKHDEV PANSE,1,6,7,0,7,0,100,73.7,34.6,24.7,78.2,45.8,2013
B,58.2,Himachal Pradesh,Chamba,SHRI SUKHDEV BHAGAT,1,5,7,5,5,0,100,46.3,34.6,76.7,69.3,45.8,2101
B,58.1,Jammu and Kashmir,Doda,SHRI PRAKASH JOSHI,1,3,19,0,11,0,100,30.8,73.0,24.7,88.8,45.8,2116
B,58.0,Uttarakhand,PITHORAGARH,"SHRI PRAFFULLA V GUDADHE, AICC SECRETARY",1,5,19,0,2,0,100,46.3,73.0,24.7,49.2,45.8,1912
B,58.0,Tamil Nadu,Kanchipuram,SHRI RAGHU SHARMA,1,6,4,2,3,0,100,73.7,18.7,64.8,55.8,45.8,2150
B,57.9,Andhra Pradesh,NTR (Vijayawada),SHRI. NEERAJ DANGI,1,4,11,0,5,1,100,38.9,52.7,24.7,69.3,93.3,2082
B,57.9,Manipur,Sawombung,SHRI SARAT RAUT,1,5,10,1,4,0,100,46.3,48.7,55.7,62.7,45.8,2221
B,57.8,Tamil Nadu,Thanjavur South,DR. NARESH KUMAR,1,4,16,0,7,0,100,38.9,67.9,24.7,78.2,45.8,2182
B,57.7,Bihar,Nawada,SHRI JAISHANKAR PATHAK,1,6,12,0,0,0,100,73.7,56.3,24.7,18.8,45.8,2290
B,57.6,Jammu and Kashmir,Shopian,SHRI DINESH GURJAR,1,6,3,2,4,0,100,73.7,14.3,64.8,62.7,45.8,2130
B,57.3,Tamil Nadu,South Chennai East,SHRI SALEEM AHMAD,1,6,7,0,5,0,100,73.7,34.6,24.7,69.3,45.8,2176
B,57.3,Tamil Nadu,Thoothukudi South,SHRI. VIJAY SINGH,1,4,8,2,8,0,100,38.9,40.4,64.8,81.2,45.8,2190
B,57.0,Punjab,Hoshiarpur,SHRI SURESH KUMAR,1,6,0,6,4,0,100,73.7,2.3,80.7,62.7,45.8,1877
B,56.9,Uttarakhand,RANIKHET,SMT. REHANAA CHISTI EX.CHAIRMAN MAHILA AYOG,1,6,7,1,0,0,100,73.7,34.6,55.7,18.8,45.8,1915
B,56.9,Rajasthan,KOTA RURAL,SHRI JETTI KUSUM KUMAR,1,6,5,4,0,0,100,73.7,24.2,72.6,18.8,45.8,2002
B,56.8,Rajasthan,JAISALMER,SUSHANT MISHRA,1,6,2,1,7,0,100,73.7,10.4,55.7,78.2,45.8,1994
B,56.8,Tamil Nadu,Dindugal East,Shri Venugopal Rao Harkara,1,6,11,0,0,0,100,73.7,52.7,24.7,18.8,45.8,2144
B,56.8,Tamil Nadu,Theni,SHRI. AZMATULLAH HUSAINI,1,6,11,0,0,0,100,73.7,52.7,24.7,18.8,45.8,2183
B,56.7,Rajasthan,BHARATPUR,SHRI KEWAL SINGH PATHANIA,1,6,8,0,2,0,100,73.7,40.4,24.7,49.2,45.8,1976
B,56.6,Himachal Pradesh,Shimla (U),SMT. SANJANA JATAV,1,6,3,0,4,2,100,73.7,14.3,24.7,62.7,95.9,2207
B,56.4,Tamil Nadu,Kanyakumari West,SHRI. ANIL BOSE,1,6,1,1,9,0,100,73.7,6.7,55.7,84.0,45.8,2153
B,56.3,Telangana,Bhongiri,SHRI SARAT RAUT,1,6,5,3,0,0,100,73.7,24.2,69.0,18.8,45.8,2046
B,56.2,Odisha,Rayagada ,SHRI RIZWAN ARSHAD,1,3,52,0,0,0,100,30.8,93.5,24.7,18.8,45.8,1862
B,56.1,Chhattisgarh,Kanker,"SHRI MANOJ YADAV, AICC SECRETARY",1,5,5,5,6,0,100,46.3,24.2,76.7,74.2,45.8,1955
B,56.1,Rajasthan,BUNDI,SHRI JETTI KUSUM KUMAR,1,6,4,5,0,0,100,73.7,18.7,76.7,18.8,45.8,1981
B,56.1,Telangana,Suryapet,SHRI SARAT RAUT,1,6,4,5,0,0,100,73.7,18.7,76.7,18.8,45.8,2045
B,56.0,Tamil Nadu,Dindugal West,Shri Venugopal Rao Harkara,1,6,8,0,1,0,100,73.7,40.4,24.7,41.6,45.8,2145
B,55.9,Chhattisgarh,Jagdalpur City,SHRI SAPTAGIRI ULAKA,1,6,7,0,3,0,100,73.7,34.6,24.7,55.8,45.8,1962
B,55.8,Tamil Nadu,Kanyakumari Corporation,SHRI. ANIL BOSE,1,6,1,1,7,0,100,73.7,6.7,55.7,78.2,45.8,2151
B,55.8,Bihar,Patna Urban,"SHRI ASHOK SINGH, MP",1,6,10,0,0,0,100,73.7,48.7,24.7,18.8,45.8,2280
B,55.6,Chhattisgarh,Bilaspur Rural,SHRI UMANG SINGAR,1,3,5,8,15,0,100,30.8,24.2,85.8,93.3,45.8,1934
B,55.6,Manipur,Thoubal,SHRI. AJAY KUMAR LALLU,1,4,15,0,4,0,100,38.9,65.3,24.7,62.7,45.8,2222
B,55.3,Telangana,Mahabubnagar,SHRI M NARAYAN SWAMY,1,5,15,0,1,0,100,46.3,65.3,24.7,41.6,45.8,2043
B,55.3,Andhra Pradesh,Kakinada City,SHRI. ALI MEHANDI,1,6,2,0,4,1,100,73.7,10.4,24.7,62.7,93.3,2074
B,54.8,Jharkhand,Bokaro,"MS. HINA KAWARE, EX. DY-SPEAKER",1,5,0,35,9,0,100,46.3,2.3,97.8,84.0,45.8,1807
B,54.8,Telangana,Rajanna Sircilla,SHRI SIRINIVAS MANE,1,5,4,3,10,0,100,46.3,18.7,69.0,86.7,45.8,2039
B,54.7,Jammu and Kashmir,Anantnag,SHRI RAFIQ KHAN,1,6,9,0,0,0,100,73.7,44.5,24.7,18.8,45.8,2112
B,54.6,Rajasthan,DEEG,SHRI KEWAL SINGH PATHANIA,1,6,6,0,3,0,100,73.7,29.3,24.7,55.8,45.8,1986
B,54.5,Rajasthan,NEENKATHANA- SIKAR,SHRI SUKHDEV PANSE,1,6,4,0,8,0,100,73.7,18.7,24.7,81.2,45.8,2006
B,54.4,Punjab,Khanna,"SHRI R.S BALI, MLA",1,4,7,4,3,0,100,38.9,34.6,72.6,55.8,45.8,1881
B,54.4,Tamil Nadu,Erode North,SHRI. J.R.LOBO,1,3,18,0,3,0,100,30.8,71.2,24.7,55.8,45.8,2147
B,54.4,Bihar,Kishanganj,SHRI. AFTAB AHMED,1,7,4,0,0,0,100,98.2,18.7,24.7,18.8,45.8,2260
B,54.4,Bihar,Bhagalpur,SHRI DEBASIS PATNAIK,1,6,3,4,0,0,100,73.7,14.3,72.6,18.8,45.8,2274
B,54.3,Rajasthan,JHALAWAR,"SHRI RAO DAN SINGH, EX. MINISTER",1,6,5,1,0,0,100,73.7,24.2,55.7,18.8,45.8,1996
B,54.3,Bihar,Khagaria,"SHRI RAO DAN SINGH, EX. MINISTER",1,6,5,1,0,0,100,73.7,24.2,55.7,18.8,45.8,2272
B,54.3,Bihar,Munger,"SHRI RAO DAN SINGH, EX. MINISTER",1,6,5,1,0,0,100,73.7,24.2,55.7,18.8,45.8,2273
B,54.2,Manipur,Bishnupur,SHRI. AZMATULLAH HUSAINI,1,4,14,0,3,0,100,38.9,62.3,24.7,55.8,45.8,2232
B,54.0,Bihar,Sheohar,SHRI. SANJAY CHHOKAR,1,6,6,0,2,0,100,73.7,29.3,24.7,49.2,45.8,2254
B,54.0,Bihar,Patna Rural 2,"SHRI BHAJAN LAL JATAV, MP",1,5,6,12,0,0,100,46.3,29.3,91.2,18.8,45.8,2279
B,53.8,Chhattisgarh,Sakti,SHRI VIVEK BANSAL,1,6,4,0,6,0,100,73.7,18.7,24.7,74.2,45.8,1942
B,53.7,Andhra Pradesh,Visakhapatnam,Shri Sunil Ahire,1,3,7,5,4,0,100,30.8,34.6,76.7,62.7,45.8,2094
B,53.7,Tamil Nadu,Madurai South,SHRI. AZMATULLAH HUSAINI,1,6,8,0,0,0,100,73.7,40.4,24.7,18.8,45.8,2158
B,53.5,Bihar,Paschlm Champaran,SHRI NILANSHU CHATURVEDI,0,6,9,5,7,0,0,73.7,44.5,76.7,78.2,45.8,2252
B,53.3,Chhattisgarh,Mahasamund,MS RITA CHAUDHARY,1,5,10,0,4,0,100,46.3,48.7,24.7,62.7,45.8,1960
B,53.2,Tamil Nadu,Chengelpet South,SMT. GEETA BHUKKAL,1,3,7,3,5,0,100,30.8,34.6,69.0,69.3,45.8,2138
B,53.2,Bihar,Nalanda,SHRI. RANVIJAY SINGH LOCHAV,1,6,6,0,1,0,100,73.7,29.3,24.7,41.6,45.8,2278
B,53.1,Rajasthan,AJMER RURAL,SHRI ASHOK TANWAR,0,6,25,0,4,0,0,73.7,80.4,24.7,62.7,45.8,1968
B,53.1,Tamil Nadu,Chengalpet North,SMT. GEETA BHUKKAL,1,3,7,2,6,0,100,30.8,34.6,64.8,74.2,45.8,2137
B,52.9,Rajasthan,BARAN,"SHRI RAO DAN SINGH, EX. MINISTER",1,6,4,1,0,0,100,73.7,18.7,55.7,18.8,45.8,1973
B,52.6,Tamil Nadu,Pudukottai North,SMT. PUSHPA AMARNATH,1,3,7,0,7,3,100,30.8,34.6,24.7,78.2,97.0,2168
B,52.5,Odisha,Nayagarh ,"SHRI MAHESH SHARMA, EX. PCC",1,3,10,0,15,0,100,30.8,48.7,24.7,93.3,45.8,1859
B,52.3,Chhattisgarh,Bilaigarh-sarangarh,"DR. NITIN RAUT, EX. MINISTER",0,3,69,15,0,0,0,30.8,96.1,93.9,18.8,45.8,1943
B,52.1,Tamil Nadu,Krishnagiri West,SHRI RIZWAN ARSHAD,1,4,10,0,5,0,100,38.9,48.7,24.7,69.3,45.8,2156
B,51.9,Chhattisgarh,Durg rural,SHRI AJAY KUMAR LALLU,1,6,5,0,1,0,100,73.7,24.2,24.7,41.6,45.8,1951
B,51.9,Meghalaya,South Garo Hills,SHRI AMIR HUSSAIN KHUTHEIBAM,1,5,8,0,5,0,100,46.3,40.4,24.7,69.3,45.8,2246
B,51.7,Chhattisgarh,Manendragarh-Chirmiri-Bharatpur,SHRI SUBODH KANT SAHAI,1,3,21,0,0,0,100,30.8,75.3,24.7,18.8,45.8,1932
B,51.3,Chhattisgarh,Kondagaon,SHRI SAPTAGIRI ULAKA,1,6,4,0,2,0,100,73.7,18.7,24.7,49.2,45.8,1961
B,51.2,Tamil Nadu,Kanyakumari East,SHRI. ANIL BOSE,1,6,1,0,7,0,100,73.7,6.7,24.7,78.2,45.8,2152
B,51.1,Rajasthan,BEAWAR,SHRI SUKHDEV BHAGAT,1,4,9,0,5,0,100,38.9,44.5,24.7,69.3,45.8,1975
B,50.9,Tamil Nadu,Northchennai West,SHRI RC KHUNTIA,0,6,4,10,215,0,0,73.7,18.7,88.3,99.9,45.8,2166
B,50.6,Andhra Pradesh,Manyam,SHRI DEBASIS PATNAIK,1,4,4,3,4,0,100,38.9,18.7,69.0,62.7,45.8,2079
B,50.6,Nagaland,Dimapur,DR. VIJAY LAKSHMI SADHO,1,1,14,1,0,0,100,20.9,62.3,55.7,18.8,45.8,2209
B,50.5,Chhattisgarh,Bastar Rural,SHRI SAPTAGIRI ULAKA,1,6,4,0,1,0,100,73.7,18.7,24.7,41.6,45.8,1963
B,50.5,Rajasthan,PALI,SMT. GEETA BHUKKAL,0,6,12,5,0,0,0,73.7,56.3,76.7,18.8,45.8,2007
B,50.3,Nagaland,Longleng,SHRI. BALMOORI VENKAT,1,2,6,1,1,1,100,24.4,29.3,55.7,41.6,93.3,2215
B,50.1,Telangana,Adilabad,SHRI AJAY SINGH,1,5,6,2,0,0,100,46.3,29.3,64.8,18.8,45.8,2029
B,49.9,Andhra Pradesh,Prakasam (Ongole),SHRI NADEEM JAVED,1,5,8,0,2,0,100,46.3,40.4,24.7,49.2,45.8,2085
B,49.8,Chhattisgarh,Bijapaur,SHRI AZMATULLAH HUSSAINI,1,5,7,0,4,0,100,46.3,34.6,24.7,62.7,45.8,1967
B,49.7,Odisha,Bhadrak ,SHRI RAFIQ KHAN,1,6,5,0,0,0,100,73.7,24.2,24.7,18.8,45.8,1835
B,49.7,Chhattisgarh,Garella-Pendra Marwahi,SHRI SUBODH KANT SAHAI,1,6,5,0,0,0,100,73.7,24.2,24.7,18.8,45.8,1933
B,49.7,Telangana,Nizamabad Corporation ,SHRI RIZWAN ARSHAD,1,6,5,0,0,0,100,73.7,24.2,24.7,18.8,45.8,2032
B,49.6,Jharkhand,Garhwa,"SMT. YASHOMATI THAKUR , EX MINISTER",1,3,8,3,0,0,100,30.8,40.4,69.0,18.8,45.8,1813
B,49.6,Andhra Pradesh,Allurisita Rama Raju,SHRI DEBASIS PATNAIK,1,3,4,6,3,0,100,30.8,18.7,80.7,55.8,45.8,2058
B,49.4,Meghalaya,South West Garo Hills,SHRI AMIR HUSSAIN KHUTHEIBAM,1,3,10,0,4,0,100,30.8,48.7,24.7,62.7,45.8,2247
B,49.2,Andhra Pradesh,Guntur,SHRI. SAUMYA REDDY,1,3,7,1,2,0,100,30.8,34.6,55.7,49.2,45.8,2070
B,49.2,Tamil Nadu,Thiruvannamalai North,SHRI M NARAYAN SWAMY,1,3,12,0,1,0,100,30.8,56.3,24.7,41.6,45.8,2186
B,49.1,Tamil Nadu,Krishnagiri East,SHRI RIZWAN ARSHAD,1,4,9,0,2,0,100,38.9,44.5,24.7,49.2,45.8,2155
B,49.1,Nagaland,Tuensang,SHRI. BALMOORI VENKAT,1,2,11,1,0,0,100,24.4,52.7,55.7,18.8,45.8,2216
B,48.8,Jharkhand,Chatra,"SHRI SHYAM KUMAR BARWE, MP",1,6,0,1,0,0,100,73.7,2.3,55.7,18.8,45.8,1808
B,48.8,Chhattisgarh,Bemetara,SHRI SHYAM KUMAR BARWE,1,6,0,1,0,0,100,73.7,2.3,55.7,18.8,45.8,1945
B,48.8,Chhattisgarh,Kawardha,SHRI SHYAM KUMAR BARWE,1,6,0,1,0,0,100,73.7,2.3,55.7,18.8,45.8,1946
B,48.7,Tamil Nadu,Tirunelveli East,SHRI. SRINIVAS MANE,1,4,6,0,9,0,100,38.9,29.3,24.7,84.0,45.8,2191
B,48.7,Goa,Mhadei,SHRI RC KHUNTIA,1,3,9,1,0,0,100,30.8,44.5,55.7,18.8,45.8,2250
B,48.4,Chhattisgarh,Dantewada,SHRI AZMATULLAH HUSSAINI,1,5,6,0,4,0,100,46.3,29.3,24.7,62.7,45.8,1965
B,48.4,Andhra Pradesh,Bapatla,SHRI. SHARAD AHIRE,1,3,7,1,1,0,100,30.8,34.6,55.7,41.6,45.8,2063
B,48.4,Andhra Pradesh,Vijayawada City,SHRI. NEERAJ DANGI,1,3,9,0,4,0,100,30.8,44.5,24.7,62.7,45.8,2093
B,48.3,Telangana,Siddipet,KM. JYOTI RAUTELA,0,6,10,0,16,0,0,73.7,48.7,24.7,93.8,45.8,2026
B,48.3,Bihar,Araria,SHRI. AFTAB AHMED,1,6,4,0,0,0,100,73.7,18.7,24.7,18.8,45.8,2259
B,48.2,Nagaland,Kohima,SHRI LALJI DESAI,1,1,8,1,2,0,100,20.9,40.4,55.7,49.2,45.8,2208
B,47.9,Andhra Pradesh,Machilipatinam City,SHRI SANJAY DUTT,1,4,2,2,4,0,100,38.9,10.4,64.8,62.7,45.8,2078
B,47.8,Odisha,Bolangir ,"SHRI. C. D. MEYYAPPAN, EX. AICC SECRETARY",1,5,6,0,3,0,100,46.3,29.3,24.7,55.8,45.8,1837
B,47.7,Chhattisgarh,Bilaspur City,SHRI UMANG SINGAR,1,3,2,2,8,0,100,30.8,10.4,64.8,81.2,45.8,1935
B,47.5,Chhattisgarh,Mungeli,SHRI UMANG SINGAR,1,3,3,2,5,0,100,30.8,14.3,64.8,69.3,45.8,1936
B,47.5,Manipur,Senapati,SHRI. H. S. LUCKY,1,1,13,0,1,0,100,20.9,59.3,24.7,41.6,45.8,2224
B,47.4,Meghalaya,South West Khasi Hills,SHRI SACHIN NAIK,1,2,5,5,1,0,100,24.4,24.2,76.7,41.6,45.8,2240
B,47.3,Chhattisgarh,Raipur City,SHRI PRAFULLA GUDADHE,1,4,8,0,1,0,100,38.9,40.4,24.7,41.6,45.8,1956
B,47.3,Andhra Pradesh,Vizianagaram City,SHRI. RAVINDRA DAS,1,3,10,0,1,0,100,30.8,48.7,24.7,41.6,45.8,2097
B,47.1,Jharkhand,Latehar,"SHRI SUNIL KEDAR, EX. MINISTER",1,2,7,4,0,0,100,24.4,34.6,72.6,18.8,45.8,1821
B,47.1,Rajasthan,RAJSAMAND,SHRI SUKHDEV BHAGAT,1,4,10,0,0,0,100,38.9,48.7,24.7,18.8,45.8,2010
B,47.0,Meghalaya,Shillong City,SHRI NADEEM JAVED,1,3,9,0,2,0,100,30.8,44.5,24.7,49.2,45.8,2237
B,46.9,Uttarakhand,ALMORA,"SHRI. AMRUT THAKOR, MLA",1,3,12,0,0,0,100,30.8,56.3,24.7,18.8,45.8,1896
B,46.9,Telangana,Khammam Corporation,SHRI K MAHENDRAN,1,5,4,0,6,0,100,46.3,18.7,24.7,74.2,45.8,2055
B,46.5,Telangana,Peddapalli,DR.K JAYAKUMAR,1,3,2,3,4,0,100,30.8,10.4,69.0,62.7,45.8,2036
B,46.3,Delhi,Rohini,SHRI LALJI DESAI,1,0,11,0,6,0,100,9.7,52.7,24.7,74.2,45.8,2372
B,46.1,Manipur,Tamenglong,SHRI. YOGESH H.C,1,4,3,1,2,0,100,38.9,14.3,55.7,49.2,45.8,2230
B,46.0,Meghalaya,West khasi Hills,SHRI SACHIN NAIK,0,4,8,5,2,4,0,38.9,40.4,76.7,49.2,97.8,2239
B,46.0,Bihar,Banka,SHRI DEBASIS PATNAIK,1,5,2,3,0,0,100,46.3,10.4,69.0,18.8,45.8,2275
B,45.8,Tamil Nadu,Karur,SHRI SHAKIR SANADI,1,5,5,0,2,0,100,46.3,24.2,24.7,49.2,45.8,2154
B,45.6,Meghalaya,Tura City,SMT TILOTAMA LOITONGBAM,1,1,5,0,4,1,100,20.9,24.2,24.7,62.7,93.3,2245
B,45.6,Bihar,Jamui,SMT. SHAMINA SHAFIQ,0,6,16,0,0,0,0,73.7,67.9,24.7,18.8,45.8,2277
B,45.4,Uttarakhand,CHAMPAWAT,"SMT. SANGEETA BENIWAL, EX. MP CANDIDATE",1,5,7,0,0,0,100,46.3,34.6,24.7,18.8,45.8,1899
B,45.4,Andhra Pradesh,Kadapa City,SHRI. VIJAY VASANTH,1,4,3,1,1,0,100,38.9,14.3,55.7,41.6,45.8,2072
B,45.3,Manipur,Kakching,SHRI PRAFULLA GUDADHE,1,2,12,0,0,0,100,24.4,56.3,24.7,18.8,45.8,2226
B,45.2,Bihar,Rohtas,MS. SHWETA SINGH,1,3,8,0,1,0,100,30.8,40.4,24.7,41.6,45.8,2285
B,45.0,Andhra Pradesh,Ongole City,SHRI NADEEM JAVED,1,3,10,0,0,0,100,30.8,48.7,24.7,18.8,45.8,2083
B,45.0,Meghalaya,West Jaintia Hill,MS KIM HAOKIP,1,3,10,0,0,0,100,30.8,48.7,24.7,18.8,45.8,2234
C,44.7,Telangana,Asifabad ,DR. NARESH KUMAR,1,1,6,0,11,0,100,20.9,29.3,24.7,88.8,45.8,2027
C,44.7,Telangana,Mancherial,DR. NARESH KUMAR,1,1,6,0,11,0,100,20.9,29.3,24.7,88.8,45.8,2028
C,44.7,Tamil Nadu,South Chennai Central,SHRI SALEEM AHMAD,1,4,5,0,3,0,100,38.9,24.2,24.7,55.8,45.8,2178
C,44.6,Chhattisgarh,Sukma,SHRI AZMATULLAH HUSSAINI,1,3,6,0,4,0,100,30.8,29.3,24.7,62.7,45.8,1966
C,44.6,Meghalaya,West Garo hills,SHRI. BELLAIAH NAIK,1,2,7,1,0,0,100,24.4,34.6,55.7,18.8,45.8,2242
C,44.2,Jharkhand,East Singhbhum,"SHRI ANANT PATEL, MLA",1,6,0,0,0,0,100,73.7,2.3,24.7,18.8,45.8,1812
C,44.2,Punjab,Jalandhar Rural,"SHRI BHUWAN KAPRI, DY-CLP",1,6,0,0,0,0,100,73.7,2.3,24.7,18.8,45.8,1878
C,44.1,Bihar,Patna Rural 1,"SHRI ASHOK SINGH, MP",1,5,6,0,0,0,100,46.3,29.3,24.7,18.8,45.8,2281
C,44.0,Manipur,Chandel,SHRI PRAFULLA GUDADHE,1,3,9,0,0,0,100,30.8,44.5,24.7,18.8,45.8,2227
C,43.8,Chhattisgarh,Raipur Rural,SHRI PRAFULLA GUDADHE,1,3,7,0,1,0,100,30.8,34.6,24.7,41.6,45.8,1957
C,43.7,Nagaland,Kiphire,SHRI. IVAN DSOUZA,1,1,7,1,0,0,100,20.9,34.6,55.7,18.8,45.8,2218
C,43.6,Manipur,Ukhrul,SHRI. H. S. LUCKY,1,2,8,0,1,0,100,24.4,40.4,24.7,41.6,45.8,2225
C,43.3,Punjab,Pathankot,"SHRI R.K OJHA, AICC SECRETARY",0,6,8,1,0,0,0,73.7,40.4,55.7,18.8,45.8,1889
C,43.3,Andhra Pradesh,Kurnool City,SHRI. YOGESH H.C,1,5,0,0,7,0,100,46.3,2.3,24.7,78.2,45.8,2077
C,43.3,Tamil Nadu,Trichy South,SHRI SHAKIR SANADI,1,4,4,0,3,0,100,38.9,18.7,24.7,55.8,45.8,2200
C,43.2,Meghalaya,North Garo Hills,SHRI MANISH YADAV,1,3,0,1,5,0,100,30.8,2.3,55.7,69.3,45.8,2243
C,43.1,Telangana,Medak,KM. JYOTI RAUTELA,0,6,8,0,4,0,0,73.7,40.4,24.7,62.7,45.8,2025
C,43.0,Chhattisgarh,Narayanpur,SHRI AZMATULLAH HUSSAINI,1,5,2,0,3,0,100,46.3,10.4,24.7,55.8,45.8,1964
C,42.9,Tamil Nadu,Tirunelveli Corporation,SHRI. SRINIVAS MANE,1,2,5,0,6,0,100,24.4,24.2,24.7,74.2,45.8,2192
C,42.7,Maharashtra,Bhiwandi City,SHRI MAMAN KHAN,1,0,2,4,0,5,100,9.7,10.4,72.6,18.8,98.8,2307
C,42.6,Telangana,Jagitial,DR.K JAYAKUMAR,1,3,5,0,3,0,100,30.8,24.2,24.7,55.8,45.8,2034
C,42.5,Rajasthan,PHALODI,SMT. GEETA BHUKKAL,0,6,5,5,0,0,0,73.7,24.2,76.7,18.8,45.8,2008
C,42.0,Rajasthan,JAIPUR RURAL (EAST),SHRI VIJAY INDER SINGLA,0,6,0,5,5,0,0,73.7,2.3,76.7,69.3,45.8,1991
C,42.0,Andhra Pradesh,Anantapuram,SHRI. PARMESHWAR NAIK,1,5,0,1,0,0,100,46.3,2.3,55.7,18.8,45.8,2060
C,41.6,Meghalaya,East Garo hills,SHRI MANISH YADAV,1,2,0,1,5,0,100,24.4,2.3,55.7,69.3,45.8,2244
C,41.5,Bihar,Darbhanga,"SMT. SANGEETA BENIWAL, EX. MP CANDIDATE",1,3,7,0,0,0,100,30.8,34.6,24.7,18.8,45.8,2264
C,41.4,Goa,Kushavati,SHRI VIJAY INDER SINGLA,1,2,0,10,0,0,100,24.4,2.3,88.3,18.8,45.8,2249
C,41.0,Bihar,Sheikhpur,SHRI JAISHANKAR PATHAK,1,4,5,0,0,0,100,38.9,24.2,24.7,18.8,45.8,2291
C,40.8,Rajasthan,JAIPUR RURAL (WEST),SHRI VIJAY INDER SINGLA,0,6,0,4,4,0,0,73.7,2.3,72.6,62.7,45.8,1992
C,40.8,Andhra Pradesh,Guntur City,SHRI. SAUMYA REDDY,1,2,2,1,1,0,100,24.4,10.4,55.7,41.6,45.8,2071
C,40.4,Andhra Pradesh,SPS Nellore,SHRI HASSAN MOULANA,1,2,5,0,2,0,100,24.4,24.2,24.7,49.2,45.8,2087
C,40.4,Jammu and Kashmir,Rajouri,SHRI SURESH KUMAR,0,6,0,7,1,0,0,73.7,2.3,84.1,41.6,45.8,2126
C,39.7,Nagaland,Noklak,SHRI. IVAN DSOUZA,1,1,4,1,0,0,100,20.9,18.7,55.7,18.8,45.8,2219
C,39.6,Maharashtra,Thane Rural,SHRI MAMAN KHAN,1,0,3,6,0,0,100,9.7,14.3,80.7,18.8,45.8,2306
C,39.5,Uttarakhand,TEHRI GARHWAL,"SHRI KULDEEP RATHORE, EX. HPCC PRESIDENT",1,3,0,2,0,0,100,30.8,2.3,64.8,18.8,45.8,1918
C,39.2,Telangana,Karimnagar Corporation,SHRI SIRINIVAS MANE,1,3,1,1,0,0,100,30.8,6.7,55.7,18.8,45.8,2037
C,38.8,Manipur,Sadar Hills,SHRI. YOGESH H.C,1,4,1,0,1,0,100,38.9,6.7,24.7,41.6,45.8,2231
C,38.7,Bihar,Lakhisarai,SMT. SHAMINA SHAFIQ,0,6,8,0,0,0,0,73.7,40.4,24.7,18.8,45.8,2276
C,38.5,Jharkhand,Giridih,"SHRI IMRAN KHEDAWALA, MLA",1,4,3,0,0,0,100,38.9,14.3,24.7,18.8,45.8,1814
C,38.5,Andhra Pradesh,Srikakulam City,SHRI SURAJ SINGH THAKUR,1,2,3,0,3,0,100,24.4,14.3,24.7,55.8,45.8,2090
C,38.4,Andhra Pradesh,Rajahmundry City,MS. AMBA PRASAD,1,5,1,0,0,0,100,46.3,6.7,24.7,18.8,45.8,2086
C,37.7,Andhra Pradesh,Nellore City,SHRI HASSAN MOULANA,1,3,2,0,1,0,100,30.8,10.4,24.7,41.6,45.8,2081
C,37.5,Meghalaya,East Jaintia Hill,MS KIM HAOKIP,1,3,4,0,0,0,100,30.8,18.7,24.7,18.8,45.8,2235
C,37.3,Nagaland,Peren,SHRI VICTOR KEISHING,1,1,4,0,1,0,100,20.9,18.7,24.7,41.6,45.8,2210
C,36.7,Maharashtra,Chandrapur Rural,SHRI SANTOSH KOLKUNDA,0,0,10,0,12,1,0,9.7,48.7,24.7,90.3,93.3,2334
C,36.2,Andhra Pradesh,Eluru City,CAPT. PRAVEEN DAWAR,1,2,0,0,4,0,100,24.4,2.3,24.7,62.7,45.8,2069
C,36.0,Telangana,Ramagundam Corporation,DR.K JAYAKUMAR,1,2,1,0,2,0,100,24.4,6.7,24.7,49.2,45.8,2035
C,36.0,Maharashtra,Yavatmal,SHRI. SANJAY KAPOOR,0,0,11,14,0,0,0,9.7,52.7,93.1,18.8,45.8,2325
C,35.8,Odisha,Sambalpur ,"SHRI. INDRARAJ GURJAR, EX. MLA",0,5,12,0,0,0,0,46.3,56.3,24.7,18.8,45.8,1864
C,34.9,Arunachal Pradesh,West Kameng,SHRI PURANCHAND PADHI,1,0,6,0,0,0,100,9.7,29.3,24.7,18.8,45.8,2379
C,34.5,Punjab,Ludhiana Urban,SMT. KRISHNA TIRATH,1,3,1,0,0,0,100,30.8,6.7,24.7,18.8,45.8,1883
C,34.5,Andhra Pradesh,Chittoor City,DR.K JAYAKUMAR,1,3,1,0,0,0,100,30.8,6.7,24.7,18.8,45.8,2065
C,33.7,Arunachal Pradesh,Lower Siang,MS ISHITA SEDHA,1,0,5,0,0,0,100,9.7,24.2,24.7,18.8,45.8,2393
C,33.5,Rajasthan,DHOLPUR,SHRI NADEEM JAVED,1,3,0,0,0,0,100,30.8,2.3,24.7,18.8,45.8,1987
C,33.5,Meghalaya,Ri Bhoi,SHRI. J.R.LOBO,0,1,9,1,1,0,0,20.9,44.5,55.7,41.6,45.8,2236
C,33.0,Nagaland,Wokha,SHRI INDRAVIJAYSINH GOHIL,1,1,2,0,0,0,100,20.9,10.4,24.7,18.8,45.8,2213
C,32.9,Meghalaya,East Khasi Hills,SHRI. SAUMYA REDDY,0,5,9,0,0,0,0,46.3,44.5,24.7,18.8,45.8,2238
C,32.4,Arunachal Pradesh,West Siang,SHRI LALIT FARSWAN,0,0,24,0,0,0,0,9.7,79.2,24.7,18.8,45.8,2390
C,32.2,Andhra Pradesh,Tirupati City,MS. R.SUDHA,0,6,0,0,2,0,0,73.7,2.3,24.7,49.2,45.8,2092
C,30.8,Maharashtra,Buldhana,SHRI. ABDUL HANNAN,0,0,19,0,0,0,0,9.7,73.0,24.7,18.8,45.8,2321
C,30.4,Bihar,Saran,SHRI SATYANARAYAN PATEL,0,5,7,0,0,0,0,46.3,34.6,24.7,18.8,45.8,2268
C,28.7,Telangana,Wanaparthy,SHRI V NARAYANSAMY,0,1,6,2,0,0,0,20.9,29.3,64.8,18.8,45.8,2041
C,28.6,Andhra Pradesh,Palnadu (Narasaraopet),DR. SHIKHA MEEL,0,2,7,0,3,0,0,24.4,34.6,24.7,55.8,45.8,2084
C,28.2,Maharashtra,Ahilyanagar Rural,SHRI SARAT RAUT,0,0,14,0,0,0,0,9.7,62.3,24.7,18.8,45.8,2315
C,28.2,Maharashtra,Raver,SHRI PRAMOD KUMAR,0,0,14,0,0,0,0,9.7,62.3,24.7,18.8,45.8,2320
C,28.2,Delhi,Karawal Nagar,SHRI SURENDER SHARMA,0,0,14,0,0,0,0,9.7,62.3,24.7,18.8,45.8,2366
C,28.2,Delhi,Najafgarh,"SHRI BHAJAN LAL JATAV, MP",0,0,14,0,0,0,0,9.7,62.3,24.7,18.8,45.8,2375
C,28.2,Arunachal Pradesh,East Siang,MS ISHITA SEDHA,0,0,14,0,0,0,0,9.7,62.3,24.7,18.8,45.8,2394
C,27.6,Delhi,Krishna Nagar,SHRI SUKHDEV PANSE,0,1,10,0,0,0,0,20.9,48.7,24.7,18.8,45.8,2369
C,27.4,Delhi,Patparganj,SHRI. AJAY KUMAR LALLU,0,0,13,0,0,0,0,9.7,59.3,24.7,18.8,45.8,2368
C,27.0,Telangana,Nagar Kurnool,SHRI V NARAYANSAMY,0,2,5,1,0,0,0,24.4,24.2,55.7,18.8,45.8,2040
C,26.7,Maharashtra,Beed,SMT. NEETU VERMA,0,0,12,0,0,0,0,9.7,56.3,24.7,18.8,45.8,2344
C,26.0,Bihar,Kaimur,SHRI RAJESH RATHORE,0,5,0,0,3,0,0,46.3,2.3,24.7,55.8,45.8,2284
C,25.4,Tamil Nadu,Ramnathapuram,SHRI. JAIPRAKASH HEGDE,0,2,5,0,2,0,0,24.4,24.2,24.7,49.2,45.8,2170
C,24.8,Delhi,Babarpur,SHRI R. C. KHUNTIA,0,0,10,0,0,0,0,9.7,48.7,24.7,18.8,45.8,2367
C,24.8,Arunachal Pradesh,Lepa-Rada,SHRI LALIT FARSWAN,0,0,10,0,0,0,0,9.7,48.7,24.7,18.8,45.8,2392
C,24.6,Maharashtra,Latur Rural,SHRI. H. S. LUCKY,0,0,3,6,0,0,0,9.7,14.3,80.7,18.8,45.8,2348
C,24.5,Telangana,Gadwal,SHRI V NARAYANSAMY,0,2,3,1,0,0,0,24.4,14.3,55.7,18.8,45.8,2042
C,22.8,Bihar,Saharsa,SHRI VINOD SULTANPURI,0,4,0,0,1,0,0,38.9,2.3,24.7,41.6,45.8,2258
C,22.7,Maharashtra,Shirdi,SHRI RAJESH THAKUR,0,0,8,0,0,0,0,9.7,40.4,24.7,18.8,45.8,2317
C,22.2,Bihar,Buxar,SHRI RAJESH RATHORE,0,3,0,0,3,0,0,30.8,2.3,24.7,55.8,45.8,2283
C,22.1,Tamil Nadu,Trichy North,SHRI VIJAY INDER SINGLA,0,0,0,7,0,0,0,9.7,2.3,84.1,18.8,45.8,2199
C,21.6,Tamil Nadu,Trichy Corporation,SHRI VIJAY INDER SINGLA,0,0,0,6,0,0,0,9.7,2.3,80.7,18.8,45.8,2198
C,21.6,Bihar,Supaul,SHRI VINOD SULTANPURI,0,4,1,0,0,0,0,38.9,6.7,24.7,18.8,45.8,2257
C,21.2,Maharashtra,Hingoli,SHRI. SANJAY CHHOKAR,0,0,7,0,0,0,0,9.7,34.6,24.7,18.8,45.8,2336
C,20.2,Maharashtra,Chandrapur City,SHRI SANTOSH KOLKUNDA,0,0,2,0,5,0,0,9.7,10.4,24.7,69.3,45.8,2335
D,18.7,Delhi,Karol Bagh,SHRI VIKAR RASOOL WANI,0,0,5,0,0,0,0,9.7,24.2,24.7,18.8,45.8,2370
D,18.7,Arunachal Pradesh,East Kameng,"SHRI. SHAIK MASTAN WALI, EX. AICC SECRETARY",0,0,5,0,0,0,0,9.7,24.2,24.7,18.8,45.8,2381
D,18.7,Arunachal Pradesh,Pakke Kessang,"SHRI. SHAIK MASTAN WALI, EX. AICC SECRETARY",0,0,5,0,0,0,0,9.7,24.2,24.7,18.8,45.8,2382
D,17.8,Delhi,Tilak Nagar,SHRI VIJAY INDER SINGLA,0,0,0,1,0,0,0,9.7,2.3,55.7,18.8,45.8,2374
D,17.3,Maharashtra,Nashik Rural North,SMT. SHAMINA SHAFIQ,0,0,4,0,0,0,0,9.7,18.7,24.7,18.8,45.8,2310
D,17.3,Maharashtra,Bhandara,"SMT. SANGEETA BENIWAL, EX. MP CANDIDATE",0,0,4,0,0,0,0,9.7,18.7,24.7,18.8,45.8,2331
D,16.2,Maharashtra,Kalyan City,DR PALAK VERMA,0,0,3,0,0,0,0,9.7,14.3,24.7,18.8,45.8,2298
D,16.2,Maharashtra,Dombiwali,DR PALAK VERMA,0,0,3,0,0,0,0,9.7,14.3,24.7,18.8,45.8,2299
D,16.2,Maharashtra,Jalgaon Rural,SHRI PRAMOD KUMAR,0,0,3,0,0,0,0,9.7,14.3,24.7,18.8,45.8,2318
D,16.2,Maharashtra,Gondia,"SMT. SANGEETA BENIWAL, EX. MP CANDIDATE",0,0,3,0,0,0,0,9.7,14.3,24.7,18.8,45.8,2332
D,16.2,Maharashtra,Latur City,SHRI. H. S. LUCKY,0,0,3,0,0,0,0,9.7,14.3,24.7,18.8,45.8,2349
D,16.2,Delhi,Badarpur,"SHRI GC CHANDRASHEKHAR, MP",0,0,3,0,0,0,0,9.7,14.3,24.7,18.8,45.8,2377
D,16.2,Arunachal Pradesh,Tawang,SHRI PURANCHAND PADHI,0,0,3,0,0,0,0,9.7,14.3,24.7,18.8,45.8,2378
D,16.2,Arunachal Pradesh,Lohit,SHRI AMARPREET LALLY,0,0,3,0,0,0,0,9.7,14.3,24.7,18.8,45.8,2399
D,16.0,Andhra Pradesh,Anantapuram City,SHRI. PARMESHWAR NAIK,0,1,0,0,0,0,0,20.9,2.3,24.7,18.8,45.8,2061
D,15.2,Maharashtra,Nashik City,SHRI MAQSOOD KHAN,0,0,2,0,0,0,0,9.7,10.4,24.7,18.8,45.8,2308
D,15.2,Maharashtra,Parbhani City,SHRI. AZMATULLAH HUSAINI,0,0,2,0,0,0,0,9.7,10.4,24.7,18.8,45.8,2340
D,15.2,Maharashtra,Solapur Rural,SHRI DEBASIS PATNAIK,0,0,2,0,0,0,0,9.7,10.4,24.7,18.8,45.8,2350
D,15.2,Maharashtra,Solapur City,SHRI DEBASIS PATNAIK,0,0,2,0,0,0,0,9.7,10.4,24.7,18.8,45.8,2352
D,15.2,Maharashtra,Satara,SHRI MALENDRA RAJAN,0,0,2,0,0,0,0,9.7,10.4,24.7,18.8,45.8,2358
D,15.2,Arunachal Pradesh,Bichom,SHRI PURANCHAND PADHI,0,0,2,0,0,0,0,9.7,10.4,24.7,18.8,45.8,2380
D,15.2,Arunachal Pradesh,Namsai,SHRI AMARPREET LALLY,0,0,2,0,0,0,0,9.7,10.4,24.7,18.8,45.8,2401
D,14.3,Maharashtra,Raigad South,DR. RAGINI NAYAK,0,0,1,0,0,0,0,9.7,6.7,24.7,18.8,45.8,2296
D,14.3,Maharashtra,Nashik Rural South,SHRI MAQSOOD KHAN,0,0,1,0,0,0,0,9.7,6.7,24.7,18.8,45.8,2309
D,14.3,Maharashtra,Ahilyanagar City,SHRI SARAT RAUT,0,0,1,0,0,0,0,9.7,6.7,24.7,18.8,45.8,2316
D,14.3,Maharashtra,Jalgaon City,SHRI PRAMOD KUMAR,0,0,1,0,0,0,0,9.7,6.7,24.7,18.8,45.8,2319
D,14.3,Maharashtra,Wardha,MS. SHWETA SINGH,0,0,1,0,0,0,0,9.7,6.7,24.7,18.8,45.8,2328
D,14.3,Maharashtra,Parbhani Rural,SHRI. AZMATULLAH HUSAINI,0,0,1,0,0,0,0,9.7,6.7,24.7,18.8,45.8,2339
D,14.3,Arunachal Pradesh,Kra Daadi,SHRI RAJPAL BISHT,0,0,1,0,0,0,0,9.7,6.7,24.7,18.8,45.8,2386
D,14.3,Arunachal Pradesh,Upper Subansiri,MS KIM HAOKIP,0,0,1,0,0,0,0,9.7,6.7,24.7,18.8,45.8,2388
D,14.3,Arunachal Pradesh,Siang,DR ZAHIDA SHABNAM,0,0,1,0,0,0,0,9.7,6.7,24.7,18.8,45.8,2395
D,14.3,Arunachal Pradesh,Lower Dibang Valley,SHRI YOGESH CHAUDHARY,0,0,1,0,0,0,0,9.7,6.7,24.7,18.8,45.8,2398
D,14.3,Arunachal Pradesh,Anjaw,SHRI AMARPREET LALLY,0,0,1,0,0,0,0,9.7,6.7,24.7,18.8,45.8,2400
D,13.2,Rajasthan,JALORE,SHRI PARESH DHANANI,0,0,0,0,0,0,0,9.7,2.3,24.7,18.8,45.8,1995
D,13.2,Rajasthan,SIROHI,SHRI PARESH DHANANI,0,0,0,0,0,0,0,9.7,2.3,24.7,18.8,45.8,2014
D,13.2,Maharashtra,Sindhudurg,SHRI DANISH ABRAR,0,0,0,0,0,0,0,9.7,2.3,24.7,18.8,45.8,2292
D,13.2,Maharashtra,Ratnagiri South,SHRI DANISH ABRAR,0,0,0,0,0,0,0,9.7,2.3,24.7,18.8,45.8,2293
D,13.2,Maharashtra,Ratnagiri North,SHRI DANISH ABRAR,0,0,0,0,0,0,0,9.7,2.3,24.7,18.8,45.8,2294
D,13.2,Maharashtra,Raigad North,DR. RAGINI NAYAK,0,0,0,0,0,0,0,9.7,2.3,24.7,18.8,45.8,2295
D,13.2,Maharashtra,Panvel,DR. RAGINI NAYAK,0,0,0,0,0,0,0,9.7,2.3,24.7,18.8,45.8,2297
D,13.2,Maharashtra,Ulhasnagar,DR PALAK VERMA,0,0,0,0,0,0,0,9.7,2.3,24.7,18.8,45.8,2300
D,13.2,Maharashtra,Thane City,SHRI NADEEM JAVED,0,0,0,0,0,0,0,9.7,2.3,24.7,18.8,45.8,2301
D,13.2,Maharashtra,Navi Mumbai,SHRI NADEEM JAVED,0,0,0,0,0,0,0,9.7,2.3,24.7,18.8,45.8,2302
D,13.2,Maharashtra,Vasai Virar,SHRI. BELLAIAH NAIK,0,0,0,0,0,0,0,9.7,2.3,24.7,18.8,45.8,2303
D,13.2,Maharashtra,Palghar,SHRI. BELLAIAH NAIK,0,0,0,0,0,0,0,9.7,2.3,24.7,18.8,45.8,2304
D,13.2,Maharashtra,Mira Bhayandar City,SHRI. BELLAIAH NAIK,0,0,0,0,0,0,0,9.7,2.3,24.7,18.8,45.8,2305
D,13.2,Maharashtra,Malegaon City,SMT. SHAMINA SHAFIQ,0,0,0,0,0,0,0,9.7,2.3,24.7,18.8,45.8,2311
D,13.2,Maharashtra,Dhule Rural,SHRI YOGESH DIKSHIT,0,0,0,0,0,0,0,9.7,2.3,24.7,18.8,45.8,2312
D,13.2,Maharashtra,Dhule City,SHRI YOGESH DIKSHIT,0,0,0,0,0,0,0,9.7,2.3,24.7,18.8,45.8,2313
D,13.2,Maharashtra,Nandurbar,SHRI AHKILESH SHUKLA,0,0,0,0,0,0,0,9.7,2.3,24.7,18.8,45.8,2314
D,13.2,Maharashtra,Washim,SHRI GIDUGU RUDRA RAJU,0,0,0,0,0,0,0,9.7,2.3,24.7,18.8,45.8,2322
D,13.2,Maharashtra,Akola Rural,SHRI GIDUGU RUDRA RAJU,0,0,0,0,0,0,0,9.7,2.3,24.7,18.8,45.8,2323
D,13.2,Maharashtra,Akola City,SHRI GIDUGU RUDRA RAJU,0,0,0,0,0,0,0,9.7,2.3,24.7,18.8,45.8,2324
D,13.2,Maharashtra,Amravati Rural,SHRI. AFTAB AHMED,0,0,0,0,0,0,0,9.7,2.3,24.7,18.8,45.8,2326
D,13.2,Maharashtra,Amravati City,SHRI. AFTAB AHMED,0,0,0,0,0,0,0,9.7,2.3,24.7,18.8,45.8,2327
D,13.2,Maharashtra,Nagpur Rural,"SHRI RAO DAN SINGH, EX. MINISTER",0,0,0,0,0,0,0,9.7,2.3,24.7,18.8,45.8,2329
D,13.2,Maharashtra,Nagpur City,SHRI. ARUN YADAV,0,0,0,0,0,0,0,9.7,2.3,24.7,18.8,45.8,2330
D,13.2,Maharashtra,Gadchiroli,SHRI MANISH YADAV,0,0,0,0,0,0,0,9.7,2.3,24.7,18.8,45.8,2333
D,13.2,Maharashtra,Jalna Rural,"SHRI HIMMAT SINGH PATEL, EX. MLA",0,0,0,0,0,0,0,9.7,2.3,24.7,18.8,45.8,2337
D,13.2,Maharashtra,Jalna City,"SHRI HIMMAT SINGH PATEL, EX. MLA",0,0,0,0,0,0,0,9.7,2.3,24.7,18.8,45.8,2338
D,13.2,Maharashtra,Chatrapati Sambhaji Nagar City,SHRI VIVEK BANSAL,0,0,0,0,0,0,0,9.7,2.3,24.7,18.8,45.8,2341
D,13.2,Maharashtra,Chatrapati Sambhaji Nagar Rural,SHRI VIVEK BANSAL,0,0,0,0,0,0,0,9.7,2.3,24.7,18.8,45.8,2342
D,13.2,Maharashtra,Dharashiv,SHRI RAJESH TIWARI,0,0,0,0,0,0,0,9.7,2.3,24.7,18.8,45.8,2343
D,13.2,Maharashtra,Nanded City,Shri Venugopal Rao Harkara,0,0,0,0,0,0,0,9.7,2.3,24.7,18.8,45.8,2345
D,13.2,Maharashtra,Nanded South Rural,Shri Venugopal Rao Harkara,0,0,0,0,0,0,0,9.7,2.3,24.7,18.8,45.8,2346
D,13.2,Maharashtra,Nanded North Rural,Shri Venugopal Rao Harkara,0,0,0,0,0,0,0,9.7,2.3,24.7,18.8,45.8,2347
D,13.2,Maharashtra,Madha (Solapur),SHRI DEBASIS PATNAIK,0,0,0,0,0,0,0,9.7,2.3,24.7,18.8,45.8,2351
D,13.2,Maharashtra,Sangli Rural,SHRI THOTA LAXMIKANT RAO,0,0,0,0,0,0,0,9.7,2.3,24.7,18.8,45.8,2353
D,13.2,Maharashtra,Sangli-Miraj-Kupwad City,SHRI THOTA LAXMIKANT RAO,0,0,0,0,0,0,0,9.7,2.3,24.7,18.8,45.8,2354
D,13.2,Maharashtra,Kolhapur Rural,SHRI JAISHANKAR PATHAK,0,0,0,0,0,0,0,9.7,2.3,24.7,18.8,45.8,2355
D,13.2,Maharashtra,Ichalkaranji,SHRI JAISHANKAR PATHAK,0,0,0,0,0,0,0,9.7,2.3,24.7,18.8,45.8,2356
D,13.2,Maharashtra,Kolhapur City,SHRI JAISHANKAR PATHAK,0,0,0,0,0,0,0,9.7,2.3,24.7,18.8,45.8,2357
D,13.2,Maharashtra,Pune Rural,SHRI. YOGESH H.C,0,0,0,0,0,0,0,9.7,2.3,24.7,18.8,45.8,2359
D,13.2,Maharashtra,Pune Rural Baramati,SHRI. YOGESH H.C,0,0,0,0,0,0,0,9.7,2.3,24.7,18.8,45.8,2360
D,13.2,Maharashtra,Pune City East,SHRI VINOD SULTANPURI,0,0,0,0,0,0,0,9.7,2.3,24.7,18.8,45.8,2361
D,13.2,Maharashtra,Pune City West,SHRI VINOD SULTANPURI,0,0,0,0,0,0,0,9.7,2.3,24.7,18.8,45.8,2362
D,13.2,Maharashtra,Pimpri-Chinchwad,SHRI VINOD SULTANPURI,0,0,0,0,0,0,0,9.7,2.3,24.7,18.8,45.8,2363
D,13.2,Delhi,Adarsh Nagar,SHRI ASHOK SINGH,0,0,0,0,0,0,0,9.7,2.3,24.7,18.8,45.8,2364
D,13.2,Delhi,Chandni Chowk,SHRI N RAGUVEERA REDDY,0,0,0,0,0,0,0,9.7,2.3,24.7,18.8,45.8,2365
D,13.2,Delhi,New Delhi,SHRI B.K HARIPRASAD,0,0,0,0,0,0,0,9.7,2.3,24.7,18.8,45.8,2371
D,13.2,Delhi,Kirari,SHRI SURESH KUMAR,0,0,0,0,0,0,0,9.7,2.3,24.7,18.8,45.8,2373
D,13.2,Arunachal Pradesh,Papum Pare,SHRI BISHWARANJAN MOHANTHY,0,0,0,0,0,0,0,9.7,2.3,24.7,18.8,45.8,2383
D,13.2,Arunachal Pradesh,Keyi Panyor,SHRI BISHWARANJAN MOHANTHY,0,0,0,0,0,0,0,9.7,2.3,24.7,18.8,45.8,2384
D,13.2,Arunachal Pradesh,Lower Subansiri,SHRI BISHWARANJAN MOHANTHY,0,0,0,0,0,0,0,9.7,2.3,24.7,18.8,45.8,2385
D,13.2,Arunachal Pradesh,Kurung Kumey,SHRI RAJPAL BISHT,0,0,0,0,0,0,0,9.7,2.3,24.7,18.8,45.8,2387
D,13.2,Arunachal Pradesh,Kamle,SHRI LALIT FARSWAN,0,0,0,0,0,0,0,9.7,2.3,24.7,18.8,45.8,2389
D,13.2,Arunachal Pradesh,Shi-Yomi,SHRI LALIT FARSWAN,0,0,0,0,0,0,0,9.7,2.3,24.7,18.8,45.8,2391
D,13.2,Arunachal Pradesh,Upper Siang,DR ZAHIDA SHABNAM,0,0,0,0,0,0,0,9.7,2.3,24.7,18.8,45.8,2396
D,13.2,Arunachal Pradesh,Dibang Valley,SHRI YOGESH CHAUDHARY,0,0,0,0,0,0,0,9.7,2.3,24.7,18.8,45.8,2397
D,13.2,Arunachal Pradesh,Changlang,SHRI VEDPAL LOHIA,0,0,0,0,0,0,0,9.7,2.3,24.7,18.8,45.8,2402
D,13.2,Arunachal Pradesh,Tirap,SHRI KIRAN MUGABASAV,0,0,0,0,0,0,0,9.7,2.3,24.7,18.8,45.8,2403
D,13.2,Arunachal Pradesh,Longding,SHRI KIRAN MUGABASAV,0,0,0,0,0,0,0,9.7,2.3,24.7,18.8,45.8,2404
